id,n,magnitude
0,1,23
0,2,20
0,3,26
0,4,30
0,5,31
0,6,16
0,7,26
0,8,24
0,9,17
0,10,23
0,11,21
0,12,22
0,13,26
0,14,33
0,15,33
0,16,27
0,17,27
0,18,28
0,19,26
0,20,24
0,21,22
0,22,29
0,23,25
0,24,25
0,25,22
0,26,27
0,27,23
0,28,19
0,29,23
0,30,23
0,31,22
0,32,20
0,33,21
0,34,23
0,35,22
0,36,21
0,37,20
0,38,21
0,39,18
0,40,18
0,41,21
0,42,16
0,43,20
0,44,26
0,45,28
0,46,13
0,47,27
0,48,27
0,49,17
0,50,26
0,51,16
0,52,20
0,53,18
0,54,30
0,55,32
0,56,29
0,57,28
0,58,26
0,59,25
0,60,22
0,61,25
0,62,21
0,63,22
0,64,26
0,65,27
0,66,26
0,67,25
0,68,21
0,69,23
0,70,24
0,71,19
0,72,22
0,73,20
0,74,21
0,75,20
0,76,19
0,77,18
0,78,20
0,79,19
0,80,20
0,81,19
0,82,16
0,83,21
0,84,30
0,85,27
0,86,18
0,87,31
0,88,25
0,89,17
0,90,22
0,91,14
0,92,19
0,93,24
0,94,30
0,95,34
0,96,25
0,97,26
0,98,29
0,99,28
0,100,25
0,101,26
0,102,25
0,103,28
0,104,28
0,105,19
0,106,27
0,107,25
0,108,20
0,109,21
0,110,24
0,111,24
0,112,22
0,113,23
0,114,21
0,115,21
0,116,23
0,117,23
0,118,21
0,119,21
0,120,19
0,121,15
0,122,19
0,123,15
0,124,20
0,125,24
0,126,26
0,127,30
0,128,29
0,129,17
0,130,11
0,131,20
0,132,26
0,133,20
0,134,29
0,135,28
0,136,27
0,137,25
0,138,25
0,139,27
0,140,24
0,141,22
0,142,22
0,143,24
0,144,25
0,145,21
0,146,15
0,147,23
0,148,21
0,149,24
0,150,24
0,151,21
0,152,19
0,153,20
0,154,22
0,155,23
0,156,22
0,157,21
0,158,21
0,159,21
0,160,21
0,161,24
0,162,21
0,163,17
0,164,26
0,165,26
0,166,28
0,167,30
0,168,23
0,169,19
0,170,20
0,171,16
0,172,21
0,173,24
0,174,28
0,175,30
0,176,20
0,177,24
0,178,26
0,179,25
0,180,24
0,181,28
0,182,27
0,183,30
0,184,26
0,185,25
0,186,25
0,187,23
0,188,25
0,189,22
0,190,23
0,191,19
0,192,21
0,193,24
0,194,20
0,195,22
0,196,21
0,197,19
0,198,20
0,199,21
0,200,21
0,201,20
0,202,19
0,203,22
0,204,20
0,205,27
0,206,29
0,207,31
0,208,26
0,209,21
0,210,26
0,211,18
0,212,27
0,213,26
0,214,31
0,215,27
0,216,20
0,217,21
0,218,26
0,219,28
0,220,30
0,221,27
0,222,28
0,223,28
0,224,27
0,225,25
0,226,24
0,227,21
0,228,22
0,229,22
0,230,23
0,231,21
0,232,19
0,233,21
0,234,22
0,235,21
0,236,21
0,237,21
0,238,22
0,239,18
0,240,19
0,241,5
0,242,14
0,243,24
0,244,29
0,245,26
0,246,27
0,247,30
0,248,25
0,249,17
0,250,24
0,251,20
0,252,24
0,253,23
0,254,31
0,255,32
0,256,27
0,257,24
0,258,24
0,259,23
0,260,26
0,261,29
0,262,30
0,263,25
0,264,27
0,265,25
0,266,20
0,267,22
0,268,17
0,269,22
0,270,21
0,271,20
0,272,20
0,273,21
0,274,22
0,275,22
0,276,21
0,277,23
0,278,21
0,279,21
0,280,20
0,281,14
0,282,20
0,283,23
0,284,14
0,285,21
0,286,29
0,287,32
0,288,27
0,289,19
0,290,27
0,291,21
0,292,25
0,293,24
0,294,27
0,295,22
0,296,23
0,297,24
0,298,22
0,299,27
0,300,28
0,301,29
0,302,30
0,303,25
0,304,21
0,305,25
0,306,23
0,307,24
0,308,22
0,309,19
0,310,26
0,311,23
0,312,22
0,313,20
0,314,21
0,315,21
0,316,19
0,317,20
0,318,20
0,319,21
0,320,21
0,321,22
0,322,16
0,323,20
0,324,23
0,325,13
0,326,31
0,327,32
0,328,24
0,329,16
0,330,20
0,331,12
0,332,17
0,333,24
0,334,31
0,335,28
0,336,27
0,337,22
0,338,26
0,339,29
0,340,29
0,341,27
0,342,30
0,343,27
0,344,26
0,345,28
0,346,25
0,347,21
0,348,19
0,349,24
0,350,22
0,351,19
0,352,19
0,353,20
0,354,21
0,355,17
0,356,22
0,357,20
0,358,20
0,359,21
0,360,21
0,361,25
0,362,20
0,363,21
0,364,29
0,365,29
0,366,31
0,367,33
0,368,32
0,369,22
0,370,20
0,371,21
0,372,30
0,373,24
0,374,33
0,375,30
0,376,31
0,377,23
0,378,20
0,379,27
0,380,27
0,381,29
0,382,28
0,383,26
0,384,29
0,385,26
0,386,22
0,387,24
0,388,21
0,389,15
0,390,20
0,391,19
0,392,19
0,393,20
0,394,18
0,395,18
0,396,23
0,397,22
0,398,20
0,399,21
0,400,21
0,401,22
0,402,20
0,403,27
0,404,40
0,405,41
0,406,36
0,407,38
0,408,33
0,409,29
0,410,28
0,411,24
0,412,28
0,413,25
0,414,30
0,415,30
0,416,30
0,417,26
0,418,27
0,419,33
0,420,30
0,421,26
0,422,29
0,423,31
0,424,22
0,425,23
0,426,26
0,427,27
0,428,24
0,429,23
0,430,25
0,431,25
0,432,20
0,433,17
0,434,17
0,435,20
0,436,20
0,437,22
0,438,21
0,439,25
0,440,21
0,441,15
0,442,16
0,443,30
0,444,31
0,445,29
0,446,26
0,447,30
0,448,37
0,449,23
0,450,23
0,451,20
0,452,21
0,453,24
0,454,33
0,455,33
0,456,35
0,457,20
0,458,30
0,459,36
0,460,32
0,461,28
0,462,29
0,463,32
0,464,30
0,465,23
0,466,22
0,467,25
0,468,24
0,469,24
0,470,27
0,471,24
0,472,22
0,473,24
0,474,25
0,475,24
0,476,23
0,477,20
0,478,22
0,479,29
0,480,26
0,481,25
0,482,12
0,483,27
0,484,33
0,485,28
0,486,19
0,487,26
0,488,32
0,489,30
0,490,28
0,491,28
0,492,28
0,493,24
0,494,33
0,495,34
0,496,27
0,497,24
0,498,28
0,499,29
0,500,29
0,501,29
0,502,32
0,503,33
0,504,33
0,505,31
0,506,23
0,507,27
0,508,30
0,509,24
0,510,26
0,511,25
0,512,24
0,513,24
0,514,26
0,515,23
0,516,24
0,517,24
0,518,23
0,519,27
0,520,27
0,521,21
0,522,12
0,523,25
0,524,36
0,525,29
0,526,20
0,527,33
0,528,31
0,529,23
0,530,21
0,531,24
0,532,26
0,533,28
0,534,32
0,535,31
0,536,28
0,537,26
0,538,32
0,539,25
0,540,27
0,541,29
0,542,31
0,543,37
0,544,31
0,545,28
0,546,19
0,547,23
0,548,27
0,549,21
0,550,28
0,551,26
0,552,24
0,553,27
0,554,28
0,555,24
0,556,24
0,557,25
0,558,22
0,559,22
0,560,25
0,561,22
0,562,18
0,563,29
0,564,32
0,565,32
0,566,25
0,567,33
0,568,29
0,569,25
0,570,34
0,571,20
0,572,25
0,573,29
0,574,27
0,575,35
0,576,32
0,577,28
0,578,34
0,579,30
0,580,29
0,581,29
0,582,26
0,583,32
0,584,30
0,585,30
0,586,29
0,587,28
0,588,29
0,589,27
0,590,28
0,591,27
0,592,24
0,593,26
0,594,30
0,595,26
0,596,26
0,597,25
0,598,24
0,599,23
0,600,24
0,601,23
0,602,22
0,603,31
0,604,34
0,605,28
0,606,29
0,607,29
0,608,25
0,609,20
0,610,22
0,611,27
0,612,24
0,613,29
0,614,28
0,615,31
0,616,33
0,617,31
0,618,33
0,619,34
0,620,30
0,621,29
0,622,32
0,623,32
0,624,33
0,625,30
0,626,24
0,627,22
0,628,29
0,629,26
0,630,30
0,631,28
0,632,27
0,633,24
0,634,29
0,635,27
0,636,23
0,637,23
0,638,22
0,639,25
0,640,22
0,641,20
0,642,17
0,643,22
0,644,30
0,645,24
0,646,27
0,647,25
0,648,24
0,649,22
0,650,26
0,651,14
0,652,19
0,653,26
0,654,29
0,655,31
0,656,24
0,657,31
0,658,31
0,659,32
0,660,33
0,661,33
0,662,32
0,663,27
0,664,28
0,665,30
0,666,28
0,667,28
0,668,28
0,669,26
0,670,26
0,671,27
0,672,28
0,673,26
0,674,32
0,675,28
0,676,25
0,677,24
0,678,23
0,679,29
0,680,26
0,681,16
0,682,19
0,683,23
0,684,29
0,685,26
0,686,27
0,687,31
0,688,30
0,689,24
0,690,22
0,691,19
0,692,28
0,693,19
0,694,25
0,695,29
0,696,28
0,697,31
0,698,30
0,699,29
0,700,30
0,701,34
0,702,32
0,703,30
0,704,35
0,705,30
0,706,30
0,707,30
0,708,28
0,709,26
0,710,32
0,711,27
0,712,26
0,713,28
0,714,31
0,715,30
0,716,25
0,717,24
0,718,25
0,719,27
0,720,24
0,721,15
0,722,15
0,723,22
0,724,32
0,725,25
0,726,21
0,727,31
0,728,25
0,729,19
0,730,24
0,731,21
0,732,22
0,733,22
0,734,25
0,735,29
0,736,30
0,737,29
0,738,28
0,739,27
0,740,31
0,741,33
0,742,32
0,743,31
0,744,34
0,745,29
0,746,27
0,747,30
0,748,30
0,749,24
0,750,29
0,751,31
0,752,31
0,753,28
0,754,28
0,755,27
0,756,24
0,757,25
0,758,25
0,759,26
0,760,25
0,761,23
0,762,23
0,763,28
0,764,20
0,765,23
0,766,28
0,767,30
0,768,27
0,769,22
0,770,24
0,771,21
0,772,28
0,773,25
0,774,30
0,775,30
0,776,28
0,777,26
0,778,29
0,779,29
0,780,25
0,781,32
0,782,35
0,783,32
0,784,32
0,785,30
0,786,29
0,787,30
0,788,32
0,789,29
0,790,31
0,791,30
0,792,29
0,793,26
0,794,27
0,795,26
0,796,26
0,797,23
0,798,23
0,799,22
0,800,22
0,801,22
0,802,23
0,803,32
0,804,37
0,805,31
0,806,28
0,807,32
0,808,27
0,809,20
0,810,26
0,811,23
0,812,21
0,813,15
0,814,26
0,815,32
0,816,25
0,817,27
0,818,28
0,819,29
0,820,31
0,821,32
0,822,28
0,823,32
0,824,32
0,825,33
0,826,31
0,827,29
0,828,27
0,829,30
0,830,30
0,831,30
0,832,31
0,833,29
0,834,29
0,835,27
0,836,26
0,837,23
0,838,24
0,839,23
0,840,24
0,841,15
0,842,22
0,843,32
0,844,29
0,845,27
0,846,26
0,847,31
0,848,27
0,849,21
0,850,24
0,851,22
0,852,20
0,853,20
0,854,30
0,855,27
0,856,28
0,857,25
0,858,28
0,859,27
0,860,26
0,861,27
0,862,32
0,863,29
0,864,32
0,865,28
0,866,27
0,867,32
0,868,27
0,869,27
0,870,32
0,871,29
0,872,29
0,873,27
0,874,24
0,875,24
0,876,26
0,877,23
0,878,22
0,879,25
0,880,24
0,881,17
0,882,19
0,883,28
0,884,34
0,885,30
0,886,26
0,887,33
0,888,31
0,889,25
0,890,26
0,891,19
0,892,19
0,893,20
0,894,31
0,895,34
0,896,24
0,897,27
0,898,28
0,899,29
0,900,24
0,901,29
0,902,28
0,903,28
0,904,27
0,905,27
0,906,24
0,907,28
0,908,26
0,909,27
0,910,32
0,911,28
0,912,28
0,913,29
0,914,27
0,915,25
0,916,24
0,917,23
0,918,23
0,919,25
0,920,24
0,921,14
0,922,16
0,923,27
0,924,22
0,925,17
0,926,25
0,927,32
0,928,28
0,929,22
0,930,25
0,931,25
0,932,25
0,933,22
0,934,28
0,935,30
0,936,26
0,937,23
0,938,28
0,939,30
0,940,24
0,941,28
0,942,28
0,943,35
0,944,31
0,945,30
0,946,31
0,947,29
0,948,29
0,949,30
0,950,30
0,951,28
0,952,27
0,953,28
0,954,27
0,955,26
0,956,23
0,957,22
0,958,24
0,959,24
0,960,22
0,961,11
0,962,14
0,963,25
0,964,25
0,965,29
0,966,26
0,967,32
0,968,29
0,969,21
0,970,24
0,971,20
0,972,26
0,973,21
0,974,30
0,975,36
0,976,31
0,977,26
0,978,26
0,979,32
0,980,32
0,981,32
0,982,32
0,983,32
0,984,29
0,985,26
0,986,28
0,987,29
0,988,27
0,989,28
0,990,29
0,991,27
0,992,28
0,993,31
0,994,26
0,995,24
0,996,23
0,997,19
0,998,22
0,999,24
0,1000,20
0,1001,21
0,1002,23
0,1003,30
0,1004,26
0,1005,20
0,1006,25
0,1007,33
0,1008,30
0,1009,22
0,1010,22
0,1011,22
0,1012,25
0,1013,18
0,1014,29
0,1015,32
0,1016,28
0,1017,25
0,1018,28
0,1019,33
0,1020,27
0,1021,28
0,1022,27
0,1023,33
0,1024,34
0,1025,28
0,1026,29
0,1027,29
0,1028,27
0,1029,31
0,1030,31
0,1031,29
0,1032,25
0,1033,25
0,1034,27
0,1035,26
0,1036,24
0,1037,23
0,1038,24
0,1039,25
0,1040,24
0,1041,12
0,1042,10
0,1043,26
0,1044,22
0,1045,31
0,1046,27
0,1047,35
0,1048,29
0,1049,17
0,1050,23
0,1051,18
0,1052,24
0,1053,15
0,1054,26
0,1055,34
0,1056,32
0,1057,33
0,1058,30
0,1059,31
0,1060,30
0,1061,28
0,1062,28
0,1063,28
0,1064,31
0,1065,28
0,1066,32
0,1067,29
0,1068,27
0,1069,28
0,1070,31
0,1071,24
0,1072,25
0,1073,28
0,1074,30
0,1075,26
0,1076,24
0,1077,21
0,1078,24
0,1079,26
0,1080,22
0,1081,20
0,1082,16
0,1083,25
0,1084,27
0,1085,24
0,1086,19
0,1087,30
0,1088,28
0,1089,21
0,1090,20
0,1091,21
0,1092,30
0,1093,23
0,1094,27
0,1095,26
0,1096,22
0,1097,30
0,1098,31
0,1099,34
0,1100,32
0,1101,30
0,1102,27
0,1103,32
0,1104,35
0,1105,31
0,1106,29
0,1107,24
0,1108,28
0,1109,32
0,1110,33
0,1111,28
0,1112,25
0,1113,29
0,1114,27
0,1115,25
0,1116,23
0,1117,24
0,1118,24
0,1119,26
0,1120,22
0,1121,21
0,1122,21
0,1123,22
0,1124,29
0,1125,35
0,1126,21
0,1127,31
0,1128,27
0,1129,20
0,1130,27
0,1131,21
0,1132,29
0,1133,26
0,1134,30
0,1135,32
0,1136,30
0,1137,32
0,1138,33
0,1139,32
0,1140,28
0,1141,28
0,1142,30
0,1143,35
0,1144,35
0,1145,33
0,1146,32
0,1147,32
0,1148,31
0,1149,30
0,1150,30
0,1151,30
0,1152,30
0,1153,27
0,1154,27
0,1155,26
0,1156,25
0,1157,23
0,1158,23
0,1159,25
0,1160,23
0,1161,19
0,1162,17
0,1163,24
0,1164,26
0,1165,30
0,1166,21
0,1167,32
0,1168,26
0,1169,13
0,1170,19
0,1171,22
0,1172,27
0,1173,26
0,1174,29
0,1175,24
0,1176,17
0,1177,27
0,1178,31
0,1179,33
0,1180,33
0,1181,29
0,1182,34
0,1183,36
0,1184,35
0,1185,33
0,1186,25
0,1187,31
0,1188,29
0,1189,28
0,1190,32
0,1191,29
0,1192,28
0,1193,28
0,1194,28
0,1195,26
0,1196,23
0,1197,22
0,1198,23
0,1199,24
0,1200,27
0,1201,12
0,1202,20
0,1203,20
0,1204,28
0,1205,26
0,1206,21
0,1207,32
0,1208,33
0,1209,26
0,1210,31
0,1211,27
0,1212,36
0,1213,32
0,1214,28
0,1215,28
0,1216,26
0,1217,30
0,1218,30
0,1219,35
0,1220,33
0,1221,31
0,1222,28
0,1223,34
0,1224,34
0,1225,34
0,1226,27
0,1227,29
0,1228,29
0,1229,29
0,1230,31
0,1231,32
0,1232,28
0,1233,26
0,1234,27
0,1235,28
0,1236,22
0,1237,19
0,1238,25
0,1239,27
0,1240,26
0,1241,16
0,1242,20
0,1243,20
0,1244,21
0,1245,18
0,1246,16
0,1247,34
0,1248,30
0,1249,17
0,1250,14
0,1251,15
0,1252,26
0,1253,28
0,1254,30
0,1255,27
0,1256,26
0,1257,30
0,1258,35
0,1259,34
0,1260,32
0,1261,29
0,1262,30
0,1263,34
0,1264,34
0,1265,33
0,1266,30
0,1267,28
0,1268,27
0,1269,24
0,1270,31
0,1271,32
0,1272,26
0,1273,25
0,1274,24
0,1275,24
0,1276,22
0,1277,24
0,1278,24
0,1279,27
0,1280,24
0,1281,23
0,1282,20
0,1283,26
0,1284,27
0,1285,29
0,1286,30
0,1287,34
0,1288,31
0,1289,24
0,1290,27
0,1291,18
0,1292,23
0,1293,24
0,1294,34
0,1295,31
0,1296,26
0,1297,33
0,1298,37
0,1299,35
0,1300,30
0,1301,30
0,1302,33
0,1303,31
0,1304,34
0,1305,31
0,1306,29
0,1307,27
0,1308,22
0,1309,26
0,1310,29
0,1311,28
0,1312,27
0,1313,28
0,1314,26
0,1315,26
0,1316,25
0,1317,21
0,1318,21
0,1319,25
0,1320,24
0,1321,24
0,1322,25
0,1323,31
0,1324,31
0,1325,27
0,1326,25
0,1327,33
0,1328,36
0,1329,26
0,1330,21
0,1331,19
0,1332,28
0,1333,28
0,1334,34
0,1335,31
0,1336,23
0,1337,32
0,1338,36
0,1339,34
0,1340,36
0,1341,26
0,1342,27
0,1343,32
0,1344,31
0,1345,29
0,1346,30
0,1347,28
0,1348,30
0,1349,26
0,1350,29
0,1351,30
0,1352,29
0,1353,27
0,1354,26
0,1355,27
0,1356,26
0,1357,22
0,1358,25
0,1359,27
0,1360,24
0,1361,19
0,1362,18
0,1363,26
0,1364,28
0,1365,32
0,1366,29
0,1367,31
0,1368,30
0,1369,24
0,1370,26
0,1371,19
0,1372,25
0,1373,28
0,1374,29
0,1375,34
0,1376,28
0,1377,29
0,1378,34
0,1379,34
0,1380,35
0,1381,29
0,1382,31
0,1383,31
0,1384,33
0,1385,31
0,1386,28
0,1387,26
0,1388,31
0,1389,28
0,1390,30
0,1391,30
0,1392,27
0,1393,26
0,1394,29
0,1395,25
0,1396,24
0,1397,25
0,1398,24
0,1399,27
0,1400,25
0,1401,11
0,1402,21
0,1403,30
0,1404,26
0,1405,23
0,1406,30
0,1407,35
0,1408,31
0,1409,23
0,1410,22
0,1411,20
0,1412,23
0,1413,26
0,1414,32
0,1415,29
0,1416,29
0,1417,30
0,1418,32
0,1419,30
0,1420,32
0,1421,28
0,1422,29
0,1423,32
0,1424,35
0,1425,30
0,1426,25
0,1427,27
0,1428,31
0,1429,26
0,1430,29
0,1431,27
0,1432,24
0,1433,25
0,1434,27
0,1435,25
0,1436,23
0,1437,21
0,1438,24
0,1439,25
0,1440,24
0,1441,21
0,1442,18
0,1443,27
0,1444,24
0,1445,7
0,1446,31
0,1447,33
0,1448,33
0,1449,27
0,1450,25
0,1451,21
0,1452,23
0,1453,18
0,1454,32
0,1455,33
0,1456,30
0,1457,31
0,1458,31
0,1459,33
0,1460,36
0,1461,32
0,1462,33
0,1463,34
0,1464,32
0,1465,29
0,1466,28
0,1467,25
0,1468,26
0,1469,24
0,1470,28
0,1471,27
0,1472,26
0,1473,26
0,1474,26
0,1475,25
0,1476,24
0,1477,23
0,1478,21
0,1479,27
0,1480,27
0,1481,20
0,1482,19
0,1483,27
0,1484,27
0,1485,26
0,1486,33
0,1487,37
0,1488,29
0,1489,17
0,1490,26
0,1491,27
0,1492,28
0,1493,26
0,1494,32
0,1495,32
0,1496,34
0,1497,26
0,1498,30
0,1499,33
0,1500,35
0,1501,30
0,1502,34
0,1503,29
0,1504,31
0,1505,29
0,1506,28
0,1507,23
0,1508,25
0,1509,28
0,1510,30
0,1511,31
0,1512,27
0,1513,25
0,1514,27
0,1515,26
0,1516,22
0,1517,22
0,1518,26
0,1519,27
0,1520,24
0,1521,21
0,1522,21
0,1523,29
0,1524,29
0,1525,29
0,1526,30
0,1527,30
0,1528,26
0,1529,25
0,1530,26
0,1531,23
0,1532,25
0,1533,30
0,1534,31
0,1535,31
0,1536,27
0,1537,25
0,1538,29
0,1539,31
0,1540,37
0,1541,27
0,1542,35
0,1543,29
0,1544,24
0,1545,29
0,1546,26
0,1547,21
0,1548,24
0,1549,29
0,1550,29
0,1551,29
0,1552,26
0,1553,22
0,1554,24
0,1555,18
0,1556,21
0,1557,22
0,1558,23
0,1559,25
0,1560,24
0,1561,11
0,1562,12
0,1563,26
0,1564,28
0,1565,22
0,1566,25
0,1567,33
0,1568,25
0,1569,18
0,1570,26
0,1571,23
0,1572,26
0,1573,29
0,1574,32
0,1575,28
0,1576,24
0,1577,27
0,1578,28
0,1579,30
0,1580,25
0,1581,32
0,1582,31
0,1583,28
0,1584,33
0,1585,31
0,1586,22
0,1587,21
0,1588,27
0,1589,23
0,1590,28
0,1591,26
0,1592,26
0,1593,22
0,1594,25
0,1595,27
0,1596,24
0,1597,19
0,1598,21
0,1599,25
0,1600,22
0,1601,13
0,1602,14
0,1603,31
0,1604,29
0,1605,24
0,1606,30
0,1607,33
0,1608,31
0,1609,25
0,1610,27
0,1611,19
0,1612,26
0,1613,28
0,1614,32
0,1615,31
0,1616,29
0,1617,27
0,1618,33
0,1619,32
0,1620,31
0,1621,28
0,1622,37
0,1623,33
0,1624,32
0,1625,25
0,1626,23
0,1627,26
0,1628,24
0,1629,22
0,1630,29
0,1631,26
0,1632,28
0,1633,23
0,1634,23
0,1635,22
0,1636,22
0,1637,22
0,1638,23
0,1639,23
0,1640,23
0,1641,21
0,1642,20
0,1643,31
0,1644,27
0,1645,21
0,1646,32
0,1647,31
0,1648,30
0,1649,20
0,1650,23
0,1651,25
0,1652,25
0,1653,21
0,1654,31
0,1655,29
0,1656,24
0,1657,29
0,1658,25
0,1659,33
0,1660,35
0,1661,29
0,1662,35
0,1663,31
0,1664,30
0,1665,25
0,1666,21
0,1667,25
0,1668,24
0,1669,23
0,1670,27
0,1671,25
0,1672,27
0,1673,25
0,1674,24
0,1675,22
0,1676,23
0,1677,23
0,1678,24
0,1679,27
0,1680,24
0,1681,15
0,1682,16
0,1683,29
0,1684,33
0,1685,23
0,1686,28
0,1687,32
0,1688,23
0,1689,24
0,1690,29
0,1691,27
0,1692,24
0,1693,31
0,1694,34
0,1695,29
0,1696,26
0,1697,26
0,1698,28
0,1699,24
0,1700,35
0,1701,32
0,1702,30
0,1703,26
0,1704,30
0,1705,26
0,1706,20
0,1707,22
0,1708,19
0,1709,26
0,1710,26
0,1711,27
0,1712,25
0,1713,22
0,1714,20
0,1715,21
0,1716,20
0,1717,20
0,1718,21
0,1719,23
0,1720,22
0,1721,17
0,1722,18
0,1723,28
0,1724,26
0,1725,20
0,1726,26
0,1727,27
0,1728,30
0,1729,22
0,1730,20
0,1731,17
0,1732,28
0,1733,30
0,1734,35
0,1735,30
0,1736,21
0,1737,27
0,1738,28
0,1739,29
0,1740,38
0,1741,31
0,1742,29
0,1743,29
0,1744,33
0,1745,30
0,1746,23
0,1747,23
0,1748,25
0,1749,26
0,1750,25
0,1751,28
0,1752,24
0,1753,23
0,1754,25
0,1755,21
0,1756,20
0,1757,22
0,1758,21
0,1759,25
0,1760,20
0,1761,20
0,1762,18
0,1763,28
0,1764,33
0,1765,30
0,1766,29
0,1767,33
0,1768,27
0,1769,12
0,1770,23
0,1771,29
0,1772,34
0,1773,31
0,1774,33
0,1775,33
0,1776,26
0,1777,25
0,1778,31
0,1779,36
0,1780,35
0,1781,31
0,1782,27
0,1783,31
0,1784,33
0,1785,29
0,1786,24
0,1787,26
0,1788,22
0,1789,29
0,1790,29
0,1791,27
0,1792,24
0,1793,22
0,1794,24
0,1795,24
0,1796,19
0,1797,20
0,1798,24
0,1799,24
0,1800,21
0,1801,22
0,1802,19
0,1803,28
0,1804,29
0,1805,38
0,1806,37
0,1807,29
0,1808,25
0,1809,23
0,1810,29
0,1811,28
0,1812,34
0,1813,33
0,1814,33
0,1815,33
0,1816,33
0,1817,31
0,1818,34
0,1819,30
0,1820,38
0,1821,31
0,1822,31
0,1823,34
0,1824,33
0,1825,27
0,1826,23
0,1827,28
0,1828,21
0,1829,28
0,1830,31
0,1831,28
0,1832,25
0,1833,22
0,1834,24
0,1835,21
0,1836,22
0,1837,21
0,1838,21
0,1839,25
0,1840,22
0,1841,23
0,1842,16
0,1843,30
0,1844,40
0,1845,41
0,1846,26
0,1847,36
0,1848,35
0,1849,29
0,1850,31
0,1851,27
0,1852,34
0,1853,30
0,1854,31
0,1855,33
0,1856,32
0,1857,34
0,1858,34
0,1859,24
0,1860,28
0,1861,31
0,1862,35
0,1863,33
0,1864,28
0,1865,29
0,1866,28
0,1867,27
0,1868,21
0,1869,22
0,1870,28
0,1871,31
0,1872,26
0,1873,20
0,1874,19
0,1875,21
0,1876,23
0,1877,24
0,1878,22
0,1879,24
0,1880,23
0,1881,19
0,1882,18
0,1883,33
0,1884,33
0,1885,42
0,1886,25
0,1887,23
0,1888,33
0,1889,27
0,1890,30
0,1891,25
0,1892,30
0,1893,28
0,1894,30
0,1895,31
0,1896,28
0,1897,22
0,1898,31
0,1899,33
0,1900,37
0,1901,31
0,1902,31
0,1903,34
0,1904,33
0,1905,33
0,1906,27
0,1907,26
0,1908,23
0,1909,25
0,1910,24
0,1911,25
0,1912,27
0,1913,25
0,1914,25
0,1915,23
0,1916,21
0,1917,23
0,1918,24
0,1919,25
0,1920,25
0,1921,13
0,1922,14
0,1923,32
0,1924,36
0,1925,40
0,1926,28
0,1927,29
0,1928,28
0,1929,25
0,1930,27
0,1931,25
0,1932,35
0,1933,29
0,1934,27
0,1935,29
0,1936,32
0,1937,31
0,1938,29
0,1939,26
0,1940,35
0,1941,32
0,1942,31
0,1943,32
0,1944,32
0,1945,27
0,1946,22
0,1947,27
0,1948,26
0,1949,26
0,1950,29
0,1951,28
0,1952,25
0,1953,24
0,1954,26
0,1955,22
0,1956,20
0,1957,22
0,1958,20
0,1959,21
0,1960,24
0,1961,17
0,1962,19
0,1963,27
0,1964,25
0,1965,38
0,1966,26
0,1967,31
0,1968,36
0,1969,31
0,1970,24
0,1971,26
0,1972,31
0,1973,27
0,1974,26
0,1975,33
0,1976,25
0,1977,31
0,1978,37
0,1979,29
0,1980,34
0,1981,35
0,1982,31
0,1983,31
0,1984,35
0,1985,29
0,1986,26
0,1987,24
0,1988,26
0,1989,28
0,1990,26
0,1991,23
0,1992,26
0,1993,23
0,1994,22
0,1995,24
0,1996,23
0,1997,24
0,1998,24
0,1999,25
0,2000,24
0,2001,18
0,2002,21
0,2003,30
0,2004,31
0,2005,31
0,2006,30
0,2007,33
0,2008,28
0,2009,20
0,2010,21
0,2011,16
0,2012,23
0,2013,24
0,2014,32
0,2015,36
0,2016,31
0,2017,30
0,2018,34
0,2019,32
0,2020,35
0,2021,34
0,2022,31
0,2023,34
0,2024,32
0,2025,27
0,2026,24
0,2027,26
0,2028,25
0,2029,26
0,2030,28
0,2031,26
0,2032,24
0,2033,21
0,2034,24
0,2035,26
0,2036,23
0,2037,23
0,2038,25
0,2039,25
0,2040,23
0,2041,19
0,2042,22
0,2043,32
0,2044,34
0,2045,32
0,2046,32
0,2047,31
0,2048,24
0,2049,26
0,2050,24
0,2051,17
0,2052,28
0,2053,26
0,2054,31
0,2055,36
0,2056,27
0,2057,25
0,2058,34
0,2059,31
0,2060,36
0,2061,31
0,2062,33
0,2063,37
0,2064,34
0,2065,27
0,2066,23
0,2067,24
0,2068,25
0,2069,28
0,2070,30
0,2071,27
0,2072,25
0,2073,22
0,2074,25
0,2075,22
0,2076,20
0,2077,24
0,2078,22
0,2079,25
0,2080,26
0,2081,30
0,2082,26
0,2083,34
0,2084,35
0,2085,32
0,2086,29
0,2087,31
0,2088,30
0,2089,22
0,2090,21
0,2091,16
0,2092,20
0,2093,25
0,2094,32
0,2095,31
0,2096,23
0,2097,27
0,2098,33
0,2099,29
0,2100,33
0,2101,33
0,2102,29
0,2103,30
0,2104,34
0,2105,31
0,2106,26
0,2107,25
0,2108,20
0,2109,24
0,2110,28
0,2111,28
0,2112,29
0,2113,25
0,2114,23
0,2115,22
0,2116,23
0,2117,21
0,2118,23
0,2119,23
0,2120,23
0,2121,26
0,2122,26
0,2123,33
0,2124,33
0,2125,30
0,2126,26
0,2127,32
0,2128,30
0,2129,25
0,2130,27
0,2131,17
0,2132,24
0,2133,23
0,2134,33
0,2135,33
0,2136,21
0,2137,29
0,2138,34
0,2139,33
0,2140,34
0,2141,40
0,2142,29
0,2143,33
0,2144,34
0,2145,30
0,2146,27
0,2147,28
0,2148,27
0,2149,30
0,2150,25
0,2151,26
0,2152,23
0,2153,21
0,2154,24
0,2155,23
0,2156,24
0,2157,23
0,2158,21
0,2159,24
0,2160,23
0,2161,18
0,2162,19
0,2163,33
0,2164,34
0,2165,32
0,2166,30
0,2167,32
0,2168,31
0,2169,23
0,2170,24
0,2171,26
0,2172,28
0,2173,28
0,2174,28
0,2175,29
0,2176,27
0,2177,26
0,2178,28
0,2179,29
0,2180,28
0,2181,34
0,2182,33
0,2183,31
0,2184,32
0,2185,31
0,2186,26
0,2187,19
0,2188,20
0,2189,24
0,2190,30
0,2191,28
0,2192,25
0,2193,22
0,2194,21
0,2195,23
0,2196,22
0,2197,20
0,2198,21
0,2199,21
0,2200,21
0,2201,20
0,2202,22
0,2203,34
0,2204,32
0,2205,29
0,2206,31
0,2207,36
0,2208,31
0,2209,29
0,2210,25
0,2211,26
0,2212,31
0,2213,30
0,2214,33
0,2215,32
0,2216,25
0,2217,26
0,2218,31
0,2219,32
0,2220,32
0,2221,37
0,2222,26
0,2223,32
0,2224,32
0,2225,29
0,2226,27
0,2227,26
0,2228,25
0,2229,27
0,2230,28
0,2231,27
0,2232,23
0,2233,22
0,2234,23
0,2235,21
0,2236,23
0,2237,20
0,2238,19
0,2239,22
0,2240,22
0,2241,12
0,2242,16
0,2243,32
0,2244,34
0,2245,30
0,2246,28
0,2247,34
0,2248,30
0,2249,26
0,2250,27
0,2251,24
0,2252,30
0,2253,25
0,2254,32
0,2255,28
0,2256,25
0,2257,26
0,2258,30
0,2259,29
0,2260,31
0,2261,39
0,2262,30
0,2263,26
0,2264,32
0,2265,27
0,2266,26
0,2267,25
0,2268,23
0,2269,27
0,2270,27
0,2271,24
0,2272,24
0,2273,24
0,2274,22
0,2275,23
0,2276,22
0,2277,19
0,2278,21
0,2279,23
0,2280,23
0,2281,21
0,2282,24
0,2283,30
0,2284,31
0,2285,34
0,2286,29
0,2287,33
0,2288,30
0,2289,21
0,2290,25
0,2291,23
0,2292,32
0,2293,30
0,2294,32
0,2295,32
0,2296,29
0,2297,26
0,2298,28
0,2299,28
0,2300,30
0,2301,39
0,2302,31
0,2303,25
0,2304,28
0,2305,26
0,2306,25
0,2307,26
0,2308,25
0,2309,23
0,2310,25
0,2311,23
0,2312,24
0,2313,22
0,2314,22
0,2315,19
0,2316,22
0,2317,23
0,2318,23
0,2319,21
0,2320,21
0,2321,20
0,2322,18
0,2323,27
0,2324,31
0,2325,32
0,2326,29
0,2327,35
0,2328,33
0,2329,26
0,2330,29
0,2331,24
0,2332,32
0,2333,26
0,2334,31
0,2335,33
0,2336,31
0,2337,28
0,2338,27
0,2339,29
0,2340,30
0,2341,37
0,2342,30
0,2343,32
0,2344,31
0,2345,28
0,2346,25
0,2347,21
0,2348,21
0,2349,25
0,2350,22
0,2351,22
0,2352,23
0,2353,22
0,2354,25
0,2355,24
0,2356,22
0,2357,20
0,2358,20
0,2359,23
0,2360,21
0,2361,20
0,2362,16
0,2363,23
0,2364,24
0,2365,30
0,2366,24
0,2367,33
0,2368,24
0,2369,25
0,2370,27
0,2371,21
0,2372,28
0,2373,27
0,2374,28
0,2375,32
0,2376,26
0,2377,28
0,2378,34
0,2379,35
0,2380,32
0,2381,40
0,2382,32
0,2383,28
0,2384,31
0,2385,27
0,2386,27
0,2387,23
0,2388,23
0,2389,23
0,2390,22
0,2391,26
0,2392,24
0,2393,20
0,2394,22
0,2395,23
0,2396,22
0,2397,20
0,2398,20
0,2399,20
0,2400,19
0,2401,21
0,2402,23
0,2403,27
0,2404,25
0,2405,29
0,2406,28
0,2407,31
0,2408,32
0,2409,24
0,2410,23
0,2411,16
0,2412,17
0,2413,25
0,2414,32
0,2415,35
0,2416,22
0,2417,26
0,2418,33
0,2419,31
0,2420,29
0,2421,37
0,2422,29
0,2423,28
0,2424,28
0,2425,25
0,2426,25
0,2427,25
0,2428,23
0,2429,24
0,2430,26
0,2431,23
0,2432,24
0,2433,24
0,2434,22
0,2435,21
0,2436,21
0,2437,21
0,2438,22
0,2439,22
0,2440,22
0,2441,20
0,2442,22
0,2443,27
0,2444,18
0,2445,23
0,2446,10
0,2447,29
0,2448,24
0,2449,19
0,2450,26
0,2451,27
0,2452,28
0,2453,26
0,2454,29
0,2455,31
0,2456,20
0,2457,21
0,2458,31
0,2459,34
0,2460,29
0,2461,38
0,2462,25
0,2463,27
0,2464,27
0,2465,25
0,2466,24
0,2467,24
0,2468,19
0,2469,24
0,2470,22
0,2471,25
0,2472,25
0,2473,24
0,2474,23
0,2475,23
0,2476,19
0,2477,20
0,2478,20
0,2479,24
0,2480,20
0,2481,22
0,2482,21
0,2483,29
0,2484,28
0,2485,27
0,2486,28
0,2487,28
0,2488,26
0,2489,21
0,2490,24
0,2491,25
0,2492,22
0,2493,20
0,2494,26
0,2495,32
0,2496,32
0,2497,31
0,2498,34
0,2499,29
0,2500,27
0,2501,38
0,2502,29
0,2503,28
0,2504,29
0,2505,26
0,2506,24
0,2507,22
0,2508,22
0,2509,23
0,2510,24
0,2511,24
0,2512,24
0,2513,24
0,2514,22
0,2515,21
0,2516,20
0,2517,21
0,2518,17
0,2519,20
0,2520,21
0,2521,27
0,2522,24
0,2523,26
0,2524,20
0,2525,34
0,2526,25
0,2527,29
0,2528,26
0,2529,22
0,2530,20
0,2531,19
0,2532,31
0,2533,26
0,2534,28
0,2535,29
0,2536,28
0,2537,29
0,2538,31
0,2539,27
0,2540,33
0,2541,38
0,2542,29
0,2543,30
0,2544,32
0,2545,23
0,2546,25
0,2547,22
0,2548,23
0,2549,25
0,2550,27
0,2551,23
0,2552,21
0,2553,21
0,2554,21
0,2555,22
0,2556,24
0,2557,23
0,2558,22
0,2559,22
0,2560,21
0,2561,20
0,2562,18
0,2563,27
0,2564,32
0,2565,33
0,2566,27
0,2567,27
0,2568,26
0,2569,20
0,2570,20
0,2571,21
0,2572,26
0,2573,23
0,2574,23
0,2575,32
0,2576,19
0,2577,27
0,2578,33
0,2579,31
0,2580,32
0,2581,38
0,2582,28
0,2583,24
0,2584,24
0,2585,27
0,2586,26
0,2587,23
0,2588,24
0,2589,24
0,2590,25
0,2591,22
0,2592,21
0,2593,21
0,2594,20
0,2595,20
0,2596,18
0,2597,21
0,2598,21
0,2599,22
0,2600,20
0,2601,19
0,2602,11
0,2603,17
0,2604,27
0,2605,33
0,2606,13
0,2607,32
0,2608,21
0,2609,23
0,2610,27
0,2611,22
0,2612,21
0,2613,22
0,2614,29
0,2615,31
0,2616,24
0,2617,29
0,2618,35
0,2619,29
0,2620,35
0,2621,41
0,2622,33
0,2623,32
0,2624,33
0,2625,26
0,2626,26
0,2627,26
0,2628,22
0,2629,25
0,2630,25
0,2631,23
0,2632,23
0,2633,22
0,2634,19
0,2635,20
0,2636,23
0,2637,20
0,2638,19
0,2639,23
0,2640,23
0,2641,12
0,2642,14
0,2643,6
0,2644,27
0,2645,30
0,2646,24
0,2647,30
0,2648,25
0,2649,22
0,2650,28
0,2651,22
0,2652,22
0,2653,27
0,2654,28
0,2655,30
0,2656,29
0,2657,33
0,2658,38
0,2659,31
0,2660,36
0,2661,41
0,2662,27
0,2663,31
0,2664,31
0,2665,22
0,2666,23
0,2667,22
0,2668,23
0,2669,22
0,2670,25
0,2671,22
0,2672,19
0,2673,20
0,2674,23
0,2675,22
0,2676,22
0,2677,22
0,2678,19
0,2679,22
0,2680,20
0,2681,24
0,2682,18
0,2683,26
0,2684,31
0,2685,29
0,2686,23
0,2687,29
0,2688,30
0,2689,23
0,2690,27
0,2691,24
0,2692,27
0,2693,28
0,2694,33
0,2695,30
0,2696,32
0,2697,34
0,2698,40
0,2699,29
0,2700,28
0,2701,39
0,2702,30
0,2703,31
0,2704,28
0,2705,25
0,2706,26
0,2707,20
0,2708,23
0,2709,23
0,2710,23
0,2711,23
0,2712,24
0,2713,21
0,2714,20
0,2715,22
0,2716,22
0,2717,21
0,2718,20
0,2719,24
0,2720,21
0,2721,18
0,2722,24
0,2723,31
0,2724,28
0,2725,27
0,2726,31
0,2727,30
0,2728,21
0,2729,17
0,2730,28
0,2731,29
0,2732,27
0,2733,28
0,2734,33
0,2735,32
0,2736,31
0,2737,31
0,2738,37
0,2739,30
0,2740,32
0,2741,37
0,2742,25
0,2743,26
0,2744,30
0,2745,24
0,2746,23
0,2747,24
0,2748,25
0,2749,24
0,2750,16
0,2751,21
0,2752,24
0,2753,26
0,2754,23
0,2755,24
0,2756,21
0,2757,19
0,2758,20
0,2759,22
0,2760,23
0,2761,14
0,2762,19
0,2763,30
0,2764,30
0,2765,23
0,2766,31
0,2767,31
0,2768,23
0,2769,20
0,2770,28
0,2771,26
0,2772,28
0,2773,28
0,2774,36
0,2775,29
0,2776,30
0,2777,31
0,2778,35
0,2779,30
0,2780,31
0,2781,33
0,2782,27
0,2783,26
0,2784,26
0,2785,24
0,2786,22
0,2787,24
0,2788,24
0,2789,24
0,2790,24
0,2791,22
0,2792,20
0,2793,22
0,2794,20
0,2795,22
0,2796,20
0,2797,21
0,2798,20
0,2799,22
0,2800,22
0,2801,21
0,2802,19
0,2803,26
0,2804,23
0,2805,26
0,2806,29
0,2807,25
0,2808,28
0,2809,25
0,2810,27
0,2811,27
0,2812,24
0,2813,28
0,2814,33
0,2815,32
0,2816,28
0,2817,24
0,2818,32
0,2819,31
0,2820,30
0,2821,37
0,2822,28
0,2823,30
0,2824,27
0,2825,25
0,2826,26
0,2827,22
0,2828,19
0,2829,26
0,2830,27
0,2831,25
0,2832,24
0,2833,24
0,2834,21
0,2835,22
0,2836,20
0,2837,17
0,2838,23
0,2839,23
0,2840,22
0,2841,26
0,2842,22
0,2843,20
0,2844,27
0,2845,19
0,2846,31
0,2847,29
0,2848,24
0,2849,21
0,2850,28
0,2851,19
0,2852,23
0,2853,30
0,2854,33
0,2855,28
0,2856,29
0,2857,16
0,2858,31
0,2859,29
0,2860,30
0,2861,37
0,2862,26
0,2863,29
0,2864,28
0,2865,28
0,2866,23
0,2867,25
0,2868,25
0,2869,22
0,2870,26
0,2871,23
0,2872,17
0,2873,22
0,2874,24
0,2875,22
0,2876,21
0,2877,21
0,2878,22
0,2879,23
0,2880,23
0,2881,26
0,2882,22
0,2883,21
0,2884,15
0,2885,12
0,2886,30
0,2887,28
0,2888,21
0,2889,17
0,2890,22
0,2891,16
0,2892,23
0,2893,29
0,2894,33
0,2895,29
0,2896,19
0,2897,18
0,2898,32
0,2899,28
0,2900,25
0,2901,37
0,2902,27
0,2903,30
0,2904,29
0,2905,23
0,2906,22
0,2907,20
0,2908,23
0,2909,25
0,2910,25
0,2911,23
0,2912,22
0,2913,24
0,2914,24
0,2915,22
0,2916,23
0,2917,22
0,2918,21
0,2919,20
0,2920,20
0,2921,26
0,2922,23
0,2923,27
0,2924,26
0,2925,22
0,2926,33
0,2927,31
0,2928,25
0,2929,19
0,2930,25
0,2931,19
0,2932,27
0,2933,29
0,2934,32
0,2935,28
0,2936,25
0,2937,22
0,2938,30
0,2939,30
0,2940,30
0,2941,36
0,2942,28
0,2943,33
0,2944,26
0,2945,22
0,2946,21
0,2947,25
0,2948,20
0,2949,22
0,2950,25
0,2951,24
0,2952,23
0,2953,21
0,2954,23
0,2955,22
0,2956,22
0,2957,20
0,2958,20
0,2959,21
0,2960,21
0,2961,19
0,2962,34
0,2963,41
0,2964,34
0,2965,29
0,2966,35
0,2967,30
0,2968,17
0,2969,20
0,2970,23
0,2971,18
0,2972,25
0,2973,27
0,2974,32
0,2975,27
0,2976,24
0,2977,27
0,2978,34
0,2979,27
0,2980,34
0,2981,37
0,2982,30
0,2983,36
0,2984,29
0,2985,26
0,2986,24
0,2987,19
0,2988,23
0,2989,26
0,2990,25
0,2991,23
0,2992,23
0,2993,19
0,2994,22
0,2995,22
0,2996,25
0,2997,24
0,2998,23
0,2999,23
0,3000,23
0,3001,23
0,3002,33
0,3003,41
0,3004,41
0,3005,38
0,3006,30
0,3007,36
0,3008,40
0,3009,33
0,3010,24
0,3011,24
0,3012,30
0,3013,34
0,3014,35
0,3015,27
0,3016,38
0,3017,44
0,3018,43
0,3019,38
0,3020,35
0,3021,39
0,3022,29
0,3023,33
0,3024,26
0,3025,21
0,3026,24
0,3027,26
0,3028,29
0,3029,26
0,3030,26
0,3031,22
0,3032,21
0,3033,21
0,3034,24
0,3035,22
0,3036,24
0,3037,25
0,3038,23
0,3039,20
0,3040,23
0,3041,29
0,3042,34
0,3043,38
0,3044,36
0,3045,42
0,3046,34
0,3047,33
0,3048,39
0,3049,34
0,3050,30
0,3051,25
0,3052,25
0,3053,31
0,3054,33
0,3055,35
0,3056,42
0,3057,44
0,3058,42
0,3059,38
0,3060,39
0,3061,40
0,3062,31
0,3063,31
0,3064,26
0,3065,21
0,3066,23
0,3067,27
0,3068,26
0,3069,24
0,3070,25
0,3071,24
0,3072,24
0,3073,24
0,3074,19
0,3075,21
0,3076,26
0,3077,26
0,3078,24
0,3079,22
0,3080,25
0,3081,23
0,3082,33
0,3083,35
0,3084,33
0,3085,38
0,3086,33
0,3087,31
0,3088,33
0,3089,29
0,3090,32
0,3091,30
0,3092,35
0,3093,33
0,3094,33
0,3095,39
0,3096,39
0,3097,36
0,3098,40
0,3099,35
0,3100,39
0,3101,43
0,3102,33
0,3103,30
0,3104,25
0,3105,27
0,3106,24
0,3107,25
0,3108,27
0,3109,24
0,3110,25
0,3111,27
0,3112,22
0,3113,23
0,3114,23
0,3115,24
0,3116,25
0,3117,24
0,3118,23
0,3119,23
0,3120,23
0,3121,23
0,3122,35
0,3123,36
0,3124,35
0,3125,37
0,3126,34
0,3127,31
0,3128,27
0,3129,26
0,3130,24
0,3131,22
0,3132,30
0,3133,31
0,3134,37
0,3135,38
0,3136,34
0,3137,37
0,3138,39
0,3139,34
0,3140,37
0,3141,37
0,3142,33
0,3143,33
0,3144,25
0,3145,25
0,3146,21
0,3147,24
0,3148,26
0,3149,24
0,3150,25
0,3151,23
0,3152,21
0,3153,22
0,3154,22
0,3155,19
0,3156,25
0,3157,24
0,3158,23
0,3159,24
0,3160,22
0,3161,28
0,3162,35
0,3163,38
0,3164,22
0,3165,40
0,3166,27
0,3167,34
0,3168,34
0,3169,25
0,3170,26
0,3171,29
0,3172,34
0,3173,28
0,3174,35
0,3175,38
0,3176,31
0,3177,34
0,3178,35
0,3179,35
0,3180,36
0,3181,37
0,3182,33
0,3183,31
0,3184,29
0,3185,25
0,3186,22
0,3187,23
0,3188,24
0,3189,25
0,3190,22
0,3191,22
0,3192,23
0,3193,20
0,3194,18
0,3195,21
0,3196,20
0,3197,18
0,3198,21
0,3199,20
0,3200,20
0,3201,17
0,3202,35
0,3203,35
0,3204,37
0,3205,37
0,3206,39
0,3207,37
0,3208,31
0,3209,26
0,3210,29
0,3211,17
0,3212,26
0,3213,33
0,3214,36
0,3215,33
0,3216,38
0,3217,39
0,3218,39
0,3219,34
0,3220,35
0,3221,39
0,3222,35
0,3223,33
0,3224,29
0,3225,27
0,3226,26
0,3227,24
0,3228,29
0,3229,24
0,3230,19
0,3231,24
0,3232,24
0,3233,21
0,3234,22
0,3235,21
0,3236,21
0,3237,25
0,3238,23
0,3239,22
0,3240,20
0,3241,24
0,3242,35
0,3243,43
0,3244,31
0,3245,32
0,3246,25
0,3247,25
0,3248,34
0,3249,31
0,3250,28
0,3251,20
0,3252,27
0,3253,35
0,3254,34
0,3255,31
0,3256,37
0,3257,37
0,3258,38
0,3259,36
0,3260,37
0,3261,39
0,3262,36
0,3263,32
0,3264,28
0,3265,28
0,3266,31
0,3267,28
0,3268,26
0,3269,23
0,3270,23
0,3271,20
0,3272,22
0,3273,22
0,3274,21
0,3275,22
0,3276,19
0,3277,22
0,3278,21
0,3279,23
0,3280,22
0,3281,23
0,3282,36
0,3283,43
0,3284,39
0,3285,41
0,3286,36
0,3287,33
0,3288,27
0,3289,32
0,3290,29
0,3291,30
0,3292,31
0,3293,35
0,3294,33
0,3295,34
0,3296,31
0,3297,37
0,3298,38
0,3299,33
0,3300,38
0,3301,36
0,3302,37
0,3303,36
0,3304,31
0,3305,25
0,3306,30
0,3307,24
0,3308,24
0,3309,24
0,3310,29
0,3311,27
0,3312,23
0,3313,22
0,3314,23
0,3315,22
0,3316,21
0,3317,24
0,3318,23
0,3319,25
0,3320,23
0,3321,22
0,3322,36
0,3323,48
0,3324,35
0,3325,38
0,3326,33
0,3327,24
0,3328,25
0,3329,29
0,3330,25
0,3331,28
0,3332,35
0,3333,37
0,3334,33
0,3335,37
0,3336,37
0,3337,35
0,3338,38
0,3339,29
0,3340,35
0,3341,34
0,3342,38
0,3343,34
0,3344,33
0,3345,30
0,3346,26
0,3347,25
0,3348,28
0,3349,24
0,3350,27
0,3351,27
0,3352,23
0,3353,24
0,3354,28
0,3355,25
0,3356,23
0,3357,24
0,3358,25
0,3359,25
0,3360,24
0,3361,27
0,3362,36
0,3363,49
0,3364,40
0,3365,35
0,3366,32
0,3367,37
0,3368,46
0,3369,35
0,3370,35
0,3371,35
0,3372,38
0,3373,35
0,3374,42
0,3375,38
0,3376,40
0,3377,35
0,3378,39
0,3379,34
0,3380,38
0,3381,40
0,3382,38
0,3383,33
0,3384,30
0,3385,28
0,3386,27
0,3387,25
0,3388,27
0,3389,21
0,3390,21
0,3391,23
0,3392,26
0,3393,27
0,3394,27
0,3395,25
0,3396,24
0,3397,26
0,3398,24
0,3399,25
0,3400,24
0,3401,22
0,3402,20
0,3403,48
0,3404,40
0,3405,33
0,3406,39
0,3407,36
0,3408,44
0,3409,43
0,3410,49
0,3411,45
0,3412,41
0,3413,44
0,3414,37
0,3415,44
0,3416,44
0,3417,45
0,3418,42
0,3419,34
0,3420,37
0,3421,40
0,3422,38
0,3423,36
0,3424,34
0,3425,26
0,3426,37
0,3427,32
0,3428,22
0,3429,25
0,3430,28
0,3431,28
0,3432,23
0,3433,28
0,3434,30
0,3435,29
0,3436,30
0,3437,27
0,3438,26
0,3439,27
0,3440,23
0,3441,17
0,3442,23
0,3443,49
0,3444,42
0,3445,38
0,3446,44
0,3447,34
0,3448,47
0,3449,45
0,3450,52
0,3451,46
0,3452,39
0,3453,43
0,3454,43
0,3455,45
0,3456,52
0,3457,52
0,3458,41
0,3459,40
0,3460,35
0,3461,35
0,3462,36
0,3463,38
0,3464,30
0,3465,25
0,3466,32
0,3467,32
0,3468,27
0,3469,30
0,3470,33
0,3471,30
0,3472,24
0,3473,28
0,3474,29
0,3475,32
0,3476,30
0,3477,25
0,3478,28
0,3479,31
0,3480,25
0,3481,21
0,3482,27
0,3483,48
0,3484,40
0,3485,38
0,3486,45
0,3487,35
0,3488,40
0,3489,39
0,3490,51
0,3491,48
0,3492,43
0,3493,47
0,3494,39
0,3495,46
0,3496,50
0,3497,54
0,3498,47
0,3499,43
0,3500,39
0,3501,39
0,3502,38
0,3503,41
0,3504,33
0,3505,32
0,3506,32
0,3507,35
0,3508,29
0,3509,25
0,3510,30
0,3511,35
0,3512,26
0,3513,26
0,3514,27
0,3515,27
0,3516,27
0,3517,24
0,3518,29
0,3519,26
0,3520,23
0,3521,11
0,3522,23
0,3523,46
0,3524,42
0,3525,34
0,3526,43
0,3527,37
0,3528,42
0,3529,42
0,3530,51
0,3531,48
0,3532,42
0,3533,48
0,3534,41
0,3535,43
0,3536,47
0,3537,54
0,3538,53
0,3539,45
0,3540,39
0,3541,39
0,3542,40
0,3543,40
0,3544,31
0,3545,29
0,3546,34
0,3547,31
0,3548,32
0,3549,23
0,3550,34
0,3551,34
0,3552,25
0,3553,25
0,3554,29
0,3555,28
0,3556,26
0,3557,26
0,3558,31
0,3559,27
0,3560,24
0,3561,15
0,3562,26
0,3563,44
0,3564,38
0,3565,35
0,3566,41
0,3567,36
0,3568,46
0,3569,44
0,3570,48
0,3571,52
0,3572,47
0,3573,47
0,3574,38
0,3575,43
0,3576,41
0,3577,48
0,3578,55
0,3579,48
0,3580,42
0,3581,40
0,3582,39
0,3583,36
0,3584,33
0,3585,30
0,3586,28
0,3587,35
0,3588,31
0,3589,29
0,3590,35
0,3591,36
0,3592,26
0,3593,26
0,3594,28
0,3595,26
0,3596,26
0,3597,26
0,3598,32
0,3599,30
0,3600,21
0,3601,5
0,3602,26
0,3603,44
0,3604,33
0,3605,38
0,3606,38
0,3607,31
0,3608,45
0,3609,49
0,3610,52
0,3611,55
0,3612,47
0,3613,40
0,3614,31
0,3615,35
0,3616,43
0,3617,49
0,3618,53
0,3619,56
0,3620,50
0,3621,44
0,3622,45
0,3623,36
0,3624,29
0,3625,30
0,3626,34
0,3627,31
0,3628,29
0,3629,26
0,3630,30
0,3631,35
0,3632,29
0,3633,27
0,3634,29
0,3635,28
0,3636,25
0,3637,26
0,3638,28
0,3639,25
0,3640,24
0,3641,24
0,3642,35
0,3643,44
0,3644,35
0,3645,30
0,3646,28
0,3647,40
0,3648,44
0,3649,50
0,3650,44
0,3651,51
0,3652,41
0,3653,41
0,3654,40
0,3655,40
0,3656,39
0,3657,42
0,3658,45
0,3659,52
0,3660,55
0,3661,49
0,3662,48
0,3663,41
0,3664,35
0,3665,34
0,3666,31
0,3667,32
0,3668,31
0,3669,29
0,3670,31
0,3671,32
0,3672,28
0,3673,25
0,3674,28
0,3675,25
0,3676,27
0,3677,30
0,3678,30
0,3679,29
0,3680,26
0,3681,22
0,3682,36
0,3683,40
0,3684,34
0,3685,36
0,3686,32
0,3687,27
0,3688,39
0,3689,45
0,3690,51
0,3691,49
0,3692,43
0,3693,43
0,3694,35
0,3695,34
0,3696,37
0,3697,40
0,3698,43
0,3699,45
0,3700,49
0,3701,51
0,3702,49
0,3703,37
0,3704,27
0,3705,30
0,3706,27
0,3707,33
0,3708,32
0,3709,23
0,3710,29
0,3711,29
0,3712,26
0,3713,27
0,3714,31
0,3715,31
0,3716,27
0,3717,28
0,3718,29
0,3719,28
0,3720,24
0,3721,22
0,3722,29
0,3723,35
0,3724,43
0,3725,39
0,3726,36
0,3727,39
0,3728,45
0,3729,46
0,3730,42
0,3731,38
0,3732,35
0,3733,40
0,3734,38
0,3735,30
0,3736,31
0,3737,39
0,3738,41
0,3739,45
0,3740,50
0,3741,46
0,3742,41
0,3743,36
0,3744,38
0,3745,35
0,3746,32
0,3747,34
0,3748,34
0,3749,28
0,3750,32
0,3751,31
0,3752,26
0,3753,21
0,3754,29
0,3755,26
0,3756,27
0,3757,30
0,3758,29
0,3759,26
0,3760,24
0,3761,21
0,3762,32
0,3763,39
0,3764,48
0,3765,44
0,3766,38
0,3767,38
0,3768,40
0,3769,40
0,3770,34
0,3771,44
0,3772,39
0,3773,35
0,3774,33
0,3775,35
0,3776,36
0,3777,34
0,3778,39
0,3779,44
0,3780,46
0,3781,47
0,3782,42
0,3783,38
0,3784,38
0,3785,43
0,3786,40
0,3787,42
0,3788,40
0,3789,26
0,3790,30
0,3791,32
0,3792,27
0,3793,23
0,3794,30
0,3795,30
0,3796,31
0,3797,31
0,3798,31
0,3799,28
0,3800,24
0,3801,18
0,3802,35
0,3803,31
0,3804,42
0,3805,31
0,3806,28
0,3807,26
0,3808,24
0,3809,36
0,3810,36
0,3811,43
0,3812,35
0,3813,30
0,3814,35
0,3815,38
0,3816,36
0,3817,40
0,3818,38
0,3819,41
0,3820,38
0,3821,38
0,3822,38
0,3823,35
0,3824,38
0,3825,42
0,3826,39
0,3827,38
0,3828,33
0,3829,23
0,3830,33
0,3831,33
0,3832,27
0,3833,26
0,3834,26
0,3835,25
0,3836,22
0,3837,26
0,3838,23
0,3839,23
0,3840,23
0,3841,25
0,3842,34
0,3843,39
0,3844,45
0,3845,34
0,3846,28
0,3847,26
0,3848,33
0,3849,35
0,3850,33
0,3851,34
0,3852,30
0,3853,33
0,3854,32
0,3855,31
0,3856,30
0,3857,34
0,3858,37
0,3859,37
0,3860,35
0,3861,34
0,3862,32
0,3863,29
0,3864,32
0,3865,39
0,3866,37
0,3867,35
0,3868,32
0,3869,27
0,3870,27
0,3871,31
0,3872,27
0,3873,25
0,3874,27
0,3875,28
0,3876,23
0,3877,24
0,3878,22
0,3879,24
0,3880,24
0,3881,24
0,3882,30
0,3883,33
0,3884,43
0,3885,28
0,3886,21
0,3887,33
0,3888,36
0,3889,32
0,3890,31
0,3891,31
0,3892,29
0,3893,25
0,3894,33
0,3895,33
0,3896,28
0,3897,31
0,3898,37
0,3899,32
0,3900,29
0,3901,36
0,3902,34
0,3903,32
0,3904,32
0,3905,29
0,3906,28
0,3907,30
0,3908,31
0,3909,26
0,3910,27
0,3911,31
0,3912,26
0,3913,27
0,3914,26
0,3915,23
0,3916,19
0,3917,25
0,3918,22
0,3919,24
0,3920,23
0,3921,18
0,3922,28
0,3923,39
0,3924,36
0,3925,32
0,3926,31
0,3927,18
0,3928,30
0,3929,35
0,3930,30
0,3931,23
0,3932,30
0,3933,29
0,3934,30
0,3935,36
0,3936,27
0,3937,34
0,3938,32
0,3939,34
0,3940,30
0,3941,35
0,3942,35
0,3943,30
0,3944,33
0,3945,31
0,3946,24
0,3947,29
0,3948,32
0,3949,24
0,3950,28
0,3951,28
0,3952,23
0,3953,25
0,3954,22
0,3955,21
0,3956,22
0,3957,24
0,3958,24
0,3959,23
0,3960,21
0,3961,16
0,3962,21
0,3963,29
0,3964,36
0,3965,34
0,3966,30
0,3967,36
0,3968,33
0,3969,31
0,3970,25
0,3971,30
0,3972,33
0,3973,25
0,3974,29
0,3975,40
0,3976,36
0,3977,30
0,3978,28
0,3979,32
0,3980,32
0,3981,40
0,3982,41
0,3983,36
0,3984,34
0,3985,28
0,3986,26
0,3987,29
0,3988,32
0,3989,30
0,3990,29
0,3991,26
0,3992,24
0,3993,25
0,3994,25
0,3995,22
0,3996,20
0,3997,22
0,3998,21
0,3999,20
0,4000,23
0,4001,21
0,4002,23
0,4003,27
0,4004,28
0,4005,37
0,4006,30
0,4007,26
0,4008,19
0,4009,29
0,4010,31
0,4011,26
0,4012,28
0,4013,30
0,4014,26
0,4015,40
0,4016,30
0,4017,25
0,4018,25
0,4019,28
0,4020,30
0,4021,34
0,4022,40
0,4023,38
0,4024,30
0,4025,26
0,4026,28
0,4027,24
0,4028,26
0,4029,24
0,4030,22
0,4031,28
0,4032,26
0,4033,22
0,4034,26
0,4035,22
0,4036,21
0,4037,20
0,4038,21
0,4039,22
0,4040,25
0,4041,21
0,4042,20
0,4043,30
0,4044,34
0,4045,35
0,4046,31
0,4047,34
0,4048,28
0,4049,23
0,4050,28
0,4051,25
0,4052,25
0,4053,29
0,4054,28
0,4055,39
0,4056,29
0,4057,28
0,4058,36
0,4059,32
0,4060,28
0,4061,29
0,4062,41
0,4063,36
0,4064,26
0,4065,23
0,4066,23
0,4067,20
0,4068,25
0,4069,25
0,4070,26
0,4071,27
0,4072,25
0,4073,23
0,4074,22
0,4075,23
0,4076,25
0,4077,24
0,4078,20
0,4079,23
0,4080,22
0,4081,21
0,4082,24
0,4083,31
0,4084,36
0,4085,36
0,4086,26
0,4087,29
0,4088,28
0,4089,26
0,4090,27
0,4091,30
0,4092,28
0,4093,24
0,4094,24
0,4095,37
0,4096,27
0,4097,31
0,4098,34
0,4099,32
0,4100,29
0,4101,28
0,4102,33
0,4103,34
0,4104,28
0,4105,25
0,4106,27
0,4107,27
0,4108,26
0,4109,26
0,4110,26
0,4111,22
0,4112,25
0,4113,21
0,4114,21
0,4115,21
0,4116,20
0,4117,21
0,4118,20
0,4119,22
0,4120,24
0,4121,25
0,4122,24
0,4123,31
0,4124,36
0,4125,36
0,4126,24
0,4127,34
0,4128,33
0,4129,26
0,4130,25
0,4131,30
0,4132,28
0,4133,26
0,4134,31
0,4135,36
0,4136,27
0,4137,28
0,4138,32
0,4139,31
0,4140,31
0,4141,29
0,4142,39
0,4143,39
0,4144,26
0,4145,21
0,4146,25
0,4147,26
0,4148,25
0,4149,22
0,4150,23
0,4151,22
0,4152,22
0,4153,24
0,4154,24
0,4155,23
0,4156,22
0,4157,23
0,4158,22
0,4159,21
0,4160,21
0,4161,19
0,4162,22
0,4163,27
0,4164,34
0,4165,32
0,4166,30
0,4167,35
0,4168,28
0,4169,20
0,4170,26
0,4171,24
0,4172,26
0,4173,27
0,4174,33
0,4175,36
0,4176,24
0,4177,30
0,4178,37
0,4179,31
0,4180,25
0,4181,28
0,4182,40
0,4183,36
0,4184,24
0,4185,24
0,4186,24
0,4187,23
0,4188,23
0,4189,26
0,4190,23
0,4191,21
0,4192,21
0,4193,24
0,4194,21
0,4195,20
0,4196,20
0,4197,22
0,4198,20
0,4199,22
0,4200,25
0,4201,11
0,4202,14
0,4203,24
0,4204,30
0,4205,34
0,4206,27
0,4207,31
0,4208,33
0,4209,24
0,4210,32
0,4211,26
0,4212,30
0,4213,31
0,4214,34
0,4215,35
0,4216,20
0,4217,25
0,4218,32
0,4219,31
0,4220,28
0,4221,34
0,4222,35
0,4223,35
0,4224,25
0,4225,24
0,4226,25
0,4227,23
0,4228,23
0,4229,23
0,4230,23
0,4231,22
0,4232,23
0,4233,24
0,4234,22
0,4235,23
0,4236,23
0,4237,20
0,4238,20
0,4239,22
0,4240,25
0,4241,14
0,4242,14
0,4243,23
0,4244,34
0,4245,36
0,4246,31
0,4247,31
0,4248,26
0,4249,11
0,4250,28
0,4251,26
0,4252,30
0,4253,27
0,4254,35
0,4255,36
0,4256,22
0,4257,26
0,4258,34
0,4259,27
0,4260,30
0,4261,36
0,4262,40
0,4263,37
0,4264,27
0,4265,27
0,4266,26
0,4267,26
0,4268,25
0,4269,23
0,4270,22
0,4271,23
0,4272,21
0,4273,23
0,4274,22
0,4275,22
0,4276,20
0,4277,20
0,4278,21
0,4279,22
0,4280,23
0,4281,12
0,4282,14
0,4283,13
0,4284,27
0,4285,36
0,4286,27
0,4287,31
0,4288,28
0,4289,21
0,4290,30
0,4291,20
0,4292,21
0,4293,32
0,4294,38
0,4295,38
0,4296,28
0,4297,29
0,4298,37
0,4299,33
0,4300,31
0,4301,29
0,4302,33
0,4303,36
0,4304,25
0,4305,25
0,4306,27
0,4307,28
0,4308,22
0,4309,22
0,4310,25
0,4311,24
0,4312,23
0,4313,25
0,4314,25
0,4315,21
0,4316,20
0,4317,20
0,4318,21
0,4319,22
0,4320,21
0,4321,25
0,4322,23
0,4323,22
0,4324,34
0,4325,39
0,4326,24
0,4327,26
0,4328,26
0,4329,19
0,4330,27
0,4331,22
0,4332,30
0,4333,22
0,4334,33
0,4335,36
0,4336,30
0,4337,27
0,4338,36
0,4339,29
0,4340,29
0,4341,38
0,4342,37
0,4343,36
0,4344,27
0,4345,27
0,4346,28
0,4347,24
0,4348,23
0,4349,22
0,4350,22
0,4351,26
0,4352,23
0,4353,18
0,4354,23
0,4355,21
0,4356,21
0,4357,19
0,4358,18
0,4359,21
0,4360,19
0,4361,12
0,4362,13
0,4363,21
0,4364,21
0,4365,37
0,4366,20
0,4367,21
0,4368,23
0,4369,19
0,4370,28
0,4371,25
0,4372,30
0,4373,27
0,4374,38
0,4375,32
0,4376,20
0,4377,29
0,4378,34
0,4379,30
0,4380,28
0,4381,36
0,4382,35
0,4383,38
0,4384,30
0,4385,25
0,4386,27
0,4387,28
0,4388,25
0,4389,25
0,4390,25
0,4391,24
0,4392,20
0,4393,22
0,4394,27
0,4395,24
0,4396,24
0,4397,23
0,4398,23
0,4399,22
0,4400,20
0,4401,16
0,4402,17
0,4403,28
0,4404,30
0,4405,36
0,4406,28
0,4407,25
0,4408,15
0,4409,12
0,4410,22
0,4411,24
0,4412,18
0,4413,29
0,4414,32
0,4415,30
0,4416,34
0,4417,28
0,4418,33
0,4419,29
0,4420,28
0,4421,32
0,4422,33
0,4423,40
0,4424,30
0,4425,26
0,4426,26
0,4427,24
0,4428,24
0,4429,24
0,4430,26
0,4431,25
0,4432,19
0,4433,19
0,4434,23
0,4435,23
0,4436,22
0,4437,21
0,4438,21
0,4439,21
0,4440,20
0,4441,21
0,4442,15
0,4443,25
0,4444,25
0,4445,10
0,4446,16
0,4447,20
0,4448,28
0,4449,28
0,4450,27
0,4451,22
0,4452,25
0,4453,27
0,4454,32
0,4455,30
0,4456,26
0,4457,21
0,4458,29
0,4459,28
0,4460,27
0,4461,33
0,4462,34
0,4463,32
0,4464,32
0,4465,28
0,4466,25
0,4467,23
0,4468,26
0,4469,23
0,4470,23
0,4471,24
0,4472,22
0,4473,23
0,4474,22
0,4475,22
0,4476,23
0,4477,21
0,4478,21
0,4479,19
0,4480,17
0,4481,22
0,4482,21
0,4483,28
0,4484,30
0,4485,28
0,4486,21
0,4487,18
0,4488,24
0,4489,22
0,4490,20
0,4491,25
0,4492,29
0,4493,26
0,4494,30
0,4495,27
0,4496,28
0,4497,24
0,4498,32
0,4499,33
0,4500,26
0,4501,29
0,4502,34
0,4503,32
0,4504,26
0,4505,27
0,4506,24
0,4507,22
0,4508,20
0,4509,20
0,4510,24
0,4511,23
0,4512,22
0,4513,21
0,4514,19
0,4515,18
0,4516,21
0,4517,23
0,4518,23
0,4519,20
0,4520,20
0,4521,12
0,4522,19
0,4523,25
0,4524,30
0,4525,32
0,4526,29
0,4527,28
0,4528,23
0,4529,24
0,4530,28
0,4531,24
0,4532,26
0,4533,22
0,4534,31
0,4535,24
0,4536,29
0,4537,24
0,4538,30
0,4539,29
0,4540,25
0,4541,29
0,4542,30
0,4543,33
0,4544,27
0,4545,22
0,4546,21
0,4547,22
0,4548,22
0,4549,22
0,4550,22
0,4551,23
0,4552,21
0,4553,19
0,4554,21
0,4555,23
0,4556,19
0,4557,20
0,4558,19
0,4559,18
0,4560,21
0,4561,24
0,4562,20
0,4563,27
0,4564,28
0,4565,23
0,4566,29
0,4567,23
0,4568,32
0,4569,28
0,4570,26
0,4571,27
0,4572,27
0,4573,29
0,4574,31
0,4575,29
0,4576,27
0,4577,28
0,4578,31
0,4579,31
0,4580,31
0,4581,33
0,4582,34
0,4583,36
0,4584,26
0,4585,26
0,4586,24
0,4587,21
0,4588,25
0,4589,24
0,4590,22
0,4591,24
0,4592,23
0,4593,22
0,4594,22
0,4595,20
0,4596,24
0,4597,19
0,4598,21
0,4599,20
0,4600,20
0,4601,16
0,4602,15
0,4603,30
0,4604,35
0,4605,37
0,4606,39
0,4607,29
0,4608,31
0,4609,26
0,4610,32
0,4611,30
0,4612,30
0,4613,30
0,4614,35
0,4615,33
0,4616,29
0,4617,24
0,4618,35
0,4619,33
0,4620,28
0,4621,31
0,4622,33
0,4623,36
0,4624,28
0,4625,27
0,4626,31
0,4627,24
0,4628,24
0,4629,23
0,4630,22
0,4631,25
0,4632,24
0,4633,23
0,4634,22
0,4635,25
0,4636,23
0,4637,22
0,4638,21
0,4639,23
0,4640,20
0,4641,19
0,4642,18
0,4643,32
0,4644,35
0,4645,39
0,4646,31
0,4647,28
0,4648,33
0,4649,30
0,4650,34
0,4651,30
0,4652,31
0,4653,34
0,4654,29
0,4655,31
0,4656,33
0,4657,30
0,4658,33
0,4659,27
0,4660,28
0,4661,32
0,4662,36
0,4663,36
0,4664,27
0,4665,27
0,4666,24
0,4667,26
0,4668,26
0,4669,24
0,4670,24
0,4671,23
0,4672,23
0,4673,24
0,4674,21
0,4675,18
0,4676,22
0,4677,21
0,4678,20
0,4679,23
0,4680,20
0,4681,19
0,4682,19
0,4683,32
0,4684,34
0,4685,35
0,4686,32
0,4687,29
0,4688,30
0,4689,25
0,4690,30
0,4691,35
0,4692,34
0,4693,36
0,4694,33
0,4695,29
0,4696,32
0,4697,26
0,4698,37
0,4699,34
0,4700,29
0,4701,28
0,4702,34
0,4703,39
0,4704,32
0,4705,27
0,4706,30
0,4707,24
0,4708,22
0,4709,27
0,4710,23
0,4711,23
0,4712,22
0,4713,22
0,4714,21
0,4715,20
0,4716,20
0,4717,21
0,4718,21
0,4719,22
0,4720,22
0,4721,12
0,4722,20
0,4723,33
0,4724,34
0,4725,33
0,4726,27
0,4727,29
0,4728,26
0,4729,18
0,4730,28
0,4731,30
0,4732,36
0,4733,36
0,4734,35
0,4735,30
0,4736,30
0,4737,31
0,4738,38
0,4739,41
0,4740,33
0,4741,34
0,4742,35
0,4743,39
0,4744,31
0,4745,30
0,4746,29
0,4747,24
0,4748,28
0,4749,26
0,4750,26
0,4751,22
0,4752,23
0,4753,22
0,4754,24
0,4755,20
0,4756,20
0,4757,23
0,4758,22
0,4759,23
0,4760,21
0,4761,17
0,4762,18
0,4763,20
0,4764,23
0,4765,38
0,4766,32
0,4767,27
0,4768,18
0,4769,23
0,4770,30
0,4771,36
0,4772,35
0,4773,27
0,4774,32
0,4775,33
0,4776,30
0,4777,29
0,4778,34
0,4779,35
0,4780,36
0,4781,32
0,4782,32
0,4783,37
0,4784,35
0,4785,32
0,4786,30
0,4787,22
0,4788,24
0,4789,24
0,4790,26
0,4791,23
0,4792,23
0,4793,22
0,4794,24
0,4795,22
0,4796,22
0,4797,23
0,4798,22
0,4799,22
0,4800,22
0,4801,21
0,4802,11
0,4803,25
0,4804,32
0,4805,18
0,4806,25
0,4807,27
0,4808,29
0,4809,30
0,4810,37
0,4811,38
0,4812,39
0,4813,35
0,4814,34
0,4815,33
0,4816,26
0,4817,25
0,4818,35
0,4819,36
0,4820,29
0,4821,31
0,4822,36
0,4823,32
0,4824,27
0,4825,21
0,4826,31
0,4827,28
0,4828,26
0,4829,28
0,4830,28
0,4831,25
0,4832,24
0,4833,25
0,4834,27
0,4835,22
0,4836,21
0,4837,21
0,4838,22
0,4839,21
0,4840,19
0,4841,18
0,4842,15
0,4843,28
0,4844,34
0,4845,28
0,4846,29
0,4847,28
0,4848,25
0,4849,27
0,4850,34
0,4851,37
0,4852,43
0,4853,32
0,4854,33
0,4855,29
0,4856,31
0,4857,31
0,4858,34
0,4859,37
0,4860,37
0,4861,32
0,4862,35
0,4863,36
0,4864,26
0,4865,28
0,4866,31
0,4867,26
0,4868,24
0,4869,24
0,4870,27
0,4871,22
0,4872,23
0,4873,26
0,4874,25
0,4875,24
0,4876,20
0,4877,22
0,4878,22
0,4879,23
0,4880,23
0,4881,16
0,4882,23
0,4883,33
0,4884,34
0,4885,31
0,4886,23
0,4887,26
0,4888,26
0,4889,28
0,4890,29
0,4891,35
0,4892,39
0,4893,34
0,4894,33
0,4895,32
0,4896,24
0,4897,21
0,4898,29
0,4899,35
0,4900,38
0,4901,29
0,4902,29
0,4903,37
0,4904,28
0,4905,29
0,4906,29
0,4907,24
0,4908,27
0,4909,26
0,4910,24
0,4911,24
0,4912,21
0,4913,24
0,4914,25
0,4915,24
0,4916,22
0,4917,21
0,4918,22
0,4919,25
0,4920,23
0,4921,7
0,4922,16
0,4923,29
0,4924,32
0,4925,35
0,4926,19
0,4927,22
0,4928,26
0,4929,31
0,4930,33
0,4931,27
0,4932,36
0,4933,30
0,4934,28
0,4935,30
0,4936,25
0,4937,22
0,4938,32
0,4939,37
0,4940,37
0,4941,35
0,4942,33
0,4943,36
0,4944,31
0,4945,32
0,4946,22
0,4947,22
0,4948,25
0,4949,28
0,4950,28
0,4951,25
0,4952,26
0,4953,28
0,4954,26
0,4955,21
0,4956,24
0,4957,20
0,4958,18
0,4959,20
0,4960,22
0,4961,22
0,4962,19
0,4963,23
0,4964,28
0,4965,23
0,4966,29
0,4967,33
0,4968,28
0,4969,32
0,4970,33
0,4971,28
0,4972,25
0,4973,26
0,4974,35
0,4975,27
0,4976,28
0,4977,30
0,4978,33
0,4979,33
0,4980,36
0,4981,35
0,4982,33
0,4983,34
0,4984,27
0,4985,29
0,4986,29
0,4987,27
0,4988,21
0,4989,26
0,4990,28
0,4991,19
0,4992,19
0,4993,22
0,4994,23
0,4995,25
0,4996,26
0,4997,20
0,4998,20
0,4999,20
0,5000,22
0,5001,18
0,5002,20
0,5003,21
0,5004,30
0,5005,21
0,5006,28
0,5007,29
0,5008,30
0,5009,27
0,5010,25
0,5011,27
0,5012,17
0,5013,32
0,5014,35
0,5015,34
0,5016,27
0,5017,24
0,5018,35
0,5019,34
0,5020,34
0,5021,28
0,5022,29
0,5023,33
0,5024,29
0,5025,29
0,5026,25
0,5027,25
0,5028,24
0,5029,28
0,5030,25
0,5031,22
0,5032,21
0,5033,22
0,5034,24
0,5035,23
0,5036,19
0,5037,21
0,5038,22
0,5039,21
0,5040,19
0,5041,21
0,5042,18
0,5043,20
0,5044,17
0,5045,19
0,5046,29
0,5047,29
0,5048,25
0,5049,30
0,5050,36
0,5051,29
0,5052,26
0,5053,26
0,5054,33
0,5055,31
0,5056,28
0,5057,25
0,5058,32
0,5059,34
0,5060,29
0,5061,36
0,5062,37
0,5063,33
0,5064,28
0,5065,26
0,5066,25
0,5067,22
0,5068,23
0,5069,26
0,5070,22
0,5071,25
0,5072,23
0,5073,23
0,5074,23
0,5075,21
0,5076,23
0,5077,24
0,5078,24
0,5079,22
0,5080,21
0,5081,21
0,5082,22
0,5083,24
0,5084,21
0,5085,21
0,5086,16
0,5087,27
0,5088,21
0,5089,28
0,5090,36
0,5091,27
0,5092,28
0,5093,30
0,5094,31
0,5095,33
0,5096,31
0,5097,27
0,5098,33
0,5099,31
0,5100,33
0,5101,30
0,5102,32
0,5103,31
0,5104,27
0,5105,26
0,5106,26
0,5107,26
0,5108,24
0,5109,25
0,5110,23
0,5111,24
0,5112,23
0,5113,22
0,5114,22
0,5115,22
0,5116,22
0,5117,22
0,5118,21
0,5119,21
0,5120,22
0,5121,12
0,5122,17
0,5123,22
0,5124,28
0,5125,28
0,5126,23
0,5127,24
0,5128,24
0,5129,22
0,5130,26
0,5131,22
0,5132,31
0,5133,32
0,5134,35
0,5135,31
0,5136,27
0,5137,22
0,5138,30
0,5139,33
0,5140,32
0,5141,27
0,5142,27
0,5143,36
0,5144,29
0,5145,29
0,5146,28
0,5147,22
0,5148,21
0,5149,25
0,5150,20
0,5151,22
0,5152,20
0,5153,23
0,5154,22
0,5155,19
0,5156,20
0,5157,21
0,5158,20
0,5159,21
0,5160,22
0,5161,20
0,5162,12
0,5163,26
0,5164,29
0,5165,31
0,5166,32
0,5167,30
0,5168,27
0,5169,26
0,5170,26
0,5171,22
0,5172,26
0,5173,24
0,5174,32
0,5175,33
0,5176,29
0,5177,27
0,5178,29
0,5179,34
0,5180,32
0,5181,29
0,5182,31
0,5183,34
0,5184,28
0,5185,29
0,5186,24
0,5187,25
0,5188,22
0,5189,21
0,5190,23
0,5191,25
0,5192,23
0,5193,23
0,5194,23
0,5195,25
0,5196,21
0,5197,21
0,5198,22
0,5199,21
0,5200,22
0,5201,20
0,5202,23
0,5203,26
0,5204,20
0,5205,14
0,5206,24
0,5207,26
0,5208,25
0,5209,18
0,5210,25
0,5211,24
0,5212,26
0,5213,25
0,5214,31
0,5215,33
0,5216,32
0,5217,28
0,5218,30
0,5219,26
0,5220,29
0,5221,36
0,5222,35
0,5223,33
0,5224,28
0,5225,28
0,5226,27
0,5227,27
0,5228,22
0,5229,20
0,5230,24
0,5231,24
0,5232,21
0,5233,21
0,5234,23
0,5235,19
0,5236,22
0,5237,21
0,5238,23
0,5239,19
0,5240,19
0,5241,23
0,5242,21
0,5243,20
0,5244,21
0,5245,26
0,5246,22
0,5247,28
0,5248,27
0,5249,23
0,5250,25
0,5251,23
0,5252,27
0,5253,24
0,5254,31
0,5255,34
0,5256,30
0,5257,27
0,5258,27
0,5259,32
0,5260,28
0,5261,34
0,5262,36
0,5263,33
0,5264,30
0,5265,26
0,5266,27
0,5267,26
0,5268,24
0,5269,21
0,5270,26
0,5271,25
0,5272,23
0,5273,24
0,5274,23
0,5275,20
0,5276,19
0,5277,22
0,5278,22
0,5279,23
0,5280,21
0,5281,23
0,5282,16
0,5283,23
0,5284,31
0,5285,25
0,5286,17
0,5287,29
0,5288,29
0,5289,21
0,5290,24
0,5291,22
0,5292,24
0,5293,28
0,5294,31
0,5295,31
0,5296,23
0,5297,24
0,5298,29
0,5299,32
0,5300,29
0,5301,32
0,5302,33
0,5303,32
0,5304,28
0,5305,22
0,5306,23
0,5307,23
0,5308,23
0,5309,23
0,5310,22
0,5311,21
0,5312,20
0,5313,21
0,5314,19
0,5315,21
0,5316,21
0,5317,22
0,5318,23
0,5319,26
0,5320,24
0,5321,23
0,5322,17
0,5323,22
0,5324,30
0,5325,30
0,5326,23
0,5327,32
0,5328,26
0,5329,26
0,5330,26
0,5331,22
0,5332,31
0,5333,24
0,5334,27
0,5335,33
0,5336,23
0,5337,27
0,5338,30
0,5339,33
0,5340,27
0,5341,25
0,5342,30
0,5343,32
0,5344,25
0,5345,27
0,5346,26
0,5347,23
0,5348,23
0,5349,20
0,5350,24
0,5351,23
0,5352,27
0,5353,27
0,5354,25
0,5355,26
0,5356,26
0,5357,25
0,5358,21
0,5359,25
0,5360,23
0,5361,21
0,5362,15
0,5363,19
0,5364,25
0,5365,26
0,5366,32
0,5367,32
0,5368,34
0,5369,23
0,5370,24
0,5371,30
0,5372,31
0,5373,21
0,5374,29
0,5375,35
0,5376,29
0,5377,25
0,5378,33
0,5379,32
0,5380,29
0,5381,28
0,5382,32
0,5383,34
0,5384,32
0,5385,27
0,5386,26
0,5387,26
0,5388,26
0,5389,26
0,5390,26
0,5391,21
0,5392,26
0,5393,26
0,5394,27
0,5395,26
0,5396,24
0,5397,27
0,5398,23
0,5399,26
0,5400,23
0,5401,16
0,5402,22
0,5403,29
0,5404,30
0,5405,31
0,5406,32
0,5407,19
0,5408,23
0,5409,26
0,5410,30
0,5411,30
0,5412,35
0,5413,28
0,5414,30
0,5415,36
0,5416,31
0,5417,30
0,5418,32
0,5419,32
0,5420,32
0,5421,31
0,5422,33
0,5423,35
0,5424,28
0,5425,29
0,5426,26
0,5427,24
0,5428,20
0,5429,26
0,5430,26
0,5431,20
0,5432,25
0,5433,27
0,5434,26
0,5435,25
0,5436,20
0,5437,21
0,5438,24
0,5439,27
0,5440,25
0,5441,17
0,5442,12
0,5443,23
0,5444,37
0,5445,40
0,5446,26
0,5447,25
0,5448,30
0,5449,23
0,5450,31
0,5451,30
0,5452,29
0,5453,24
0,5454,28
0,5455,31
0,5456,24
0,5457,28
0,5458,32
0,5459,34
0,5460,30
0,5461,35
0,5462,28
0,5463,30
0,5464,29
0,5465,26
0,5466,25
0,5467,26
0,5468,25
0,5469,26
0,5470,26
0,5471,26
0,5472,25
0,5473,26
0,5474,22
0,5475,26
0,5476,24
0,5477,22
0,5478,21
0,5479,23
0,5480,22
0,5481,15
0,5482,19
0,5483,25
0,5484,32
0,5485,38
0,5486,31
0,5487,31
0,5488,28
0,5489,18
0,5490,25
0,5491,26
0,5492,31
0,5493,29
0,5494,36
0,5495,38
0,5496,24
0,5497,20
0,5498,23
0,5499,29
0,5500,30
0,5501,35
0,5502,29
0,5503,32
0,5504,32
0,5505,33
0,5506,26
0,5507,26
0,5508,26
0,5509,24
0,5510,26
0,5511,23
0,5512,25
0,5513,25
0,5514,24
0,5515,25
0,5516,27
0,5517,26
0,5518,22
0,5519,24
0,5520,19
0,5521,26
0,5522,25
0,5523,31
0,5524,34
0,5525,35
0,5526,21
0,5527,31
0,5528,23
0,5529,19
0,5530,29
0,5531,24
0,5532,28
0,5533,32
0,5534,28
0,5535,30
0,5536,26
0,5537,26
0,5538,32
0,5539,28
0,5540,27
0,5541,32
0,5542,26
0,5543,33
0,5544,33
0,5545,29
0,5546,23
0,5547,24
0,5548,25
0,5549,28
0,5550,24
0,5551,25
0,5552,22
0,5553,25
0,5554,26
0,5555,22
0,5556,22
0,5557,23
0,5558,23
0,5559,24
0,5560,21
0,5561,10
0,5562,19
0,5563,28
0,5564,33
0,5565,35
0,5566,37
0,5567,28
0,5568,26
0,5569,24
0,5570,28
0,5571,27
0,5572,27
0,5573,21
0,5574,32
0,5575,36
0,5576,34
0,5577,26
0,5578,29
0,5579,31
0,5580,33
0,5581,37
0,5582,32
0,5583,34
0,5584,29
0,5585,27
0,5586,25
0,5587,23
0,5588,23
0,5589,26
0,5590,30
0,5591,26
0,5592,25
0,5593,23
0,5594,27
0,5595,22
0,5596,23
0,5597,21
0,5598,22
0,5599,22
0,5600,19
0,5601,23
0,5602,13
0,5603,28
0,5604,35
0,5605,37
0,5606,27
0,5607,25
0,5608,27
0,5609,25
0,5610,28
0,5611,26
0,5612,32
0,5613,27
0,5614,32
0,5615,35
0,5616,28
0,5617,18
0,5618,31
0,5619,31
0,5620,31
0,5621,37
0,5622,24
0,5623,31
0,5624,34
0,5625,31
0,5626,25
0,5627,26
0,5628,24
0,5629,28
0,5630,27
0,5631,21
0,5632,23
0,5633,26
0,5634,22
0,5635,21
0,5636,19
0,5637,20
0,5638,22
0,5639,23
0,5640,22
0,5641,29
0,5642,21
0,5643,24
0,5644,32
0,5645,28
0,5646,21
0,5647,22
0,5648,23
0,5649,20
0,5650,25
0,5651,26
0,5652,33
0,5653,21
0,5654,32
0,5655,33
0,5656,25
0,5657,21
0,5658,28
0,5659,36
0,5660,35
0,5661,35
0,5662,30
0,5663,35
0,5664,36
0,5665,33
0,5666,27
0,5667,24
0,5668,23
0,5669,24
0,5670,27
0,5671,26
0,5672,24
0,5673,20
0,5674,23
0,5675,24
0,5676,23
0,5677,23
0,5678,21
0,5679,20
0,5680,19
0,5681,24
0,5682,9
0,5683,27
0,5684,32
0,5685,37
0,5686,29
0,5687,29
0,5688,18
0,5689,17
0,5690,19
0,5691,25
0,5692,29
0,5693,24
0,5694,31
0,5695,30
0,5696,27
0,5697,28
0,5698,29
0,5699,33
0,5700,36
0,5701,34
0,5702,29
0,5703,30
0,5704,33
0,5705,33
0,5706,30
0,5707,30
0,5708,25
0,5709,28
0,5710,29
0,5711,27
0,5712,25
0,5713,21
0,5714,24
0,5715,24
0,5716,21
0,5717,23
0,5718,23
0,5719,23
0,5720,20
0,5721,23
0,5722,10
0,5723,20
0,5724,30
0,5725,39
0,5726,36
0,5727,30
0,5728,23
0,5729,24
0,5730,19
0,5731,21
0,5732,33
0,5733,28
0,5734,31
0,5735,32
0,5736,27
0,5737,26
0,5738,32
0,5739,36
0,5740,37
0,5741,38
0,5742,30
0,5743,30
0,5744,30
0,5745,29
0,5746,26
0,5747,26
0,5748,27
0,5749,26
0,5750,27
0,5751,24
0,5752,23
0,5753,24
0,5754,25
0,5755,24
0,5756,21
0,5757,23
0,5758,24
0,5759,21
0,5760,22
0,5761,23
0,5762,24
0,5763,13
0,5764,25
0,5765,28
0,5766,30
0,5767,30
0,5768,24
0,5769,23
0,5770,26
0,5771,26
0,5772,28
0,5773,28
0,5774,27
0,5775,31
0,5776,29
0,5777,24
0,5778,27
0,5779,31
0,5780,32
0,5781,30
0,5782,29
0,5783,31
0,5784,29
0,5785,24
0,5786,26
0,5787,25
0,5788,25
0,5789,28
0,5790,30
0,5791,24
0,5792,23
0,5793,25
0,5794,27
0,5795,23
0,5796,21
0,5797,21
0,5798,19
0,5799,23
0,5800,22
0,5801,23
0,5802,19
0,5803,20
0,5804,31
0,5805,41
0,5806,36
0,5807,31
0,5808,20
0,5809,22
0,5810,30
0,5811,25
0,5812,23
0,5813,25
0,5814,32
0,5815,36
0,5816,28
0,5817,30
0,5818,32
0,5819,32
0,5820,34
0,5821,30
0,5822,27
0,5823,34
0,5824,28
0,5825,29
0,5826,27
0,5827,23
0,5828,26
0,5829,30
0,5830,29
0,5831,24
0,5832,24
0,5833,26
0,5834,29
0,5835,27
0,5836,23
0,5837,21
0,5838,23
0,5839,25
0,5840,22
0,5841,23
0,5842,17
0,5843,18
0,5844,18
0,5845,41
0,5846,36
0,5847,26
0,5848,22
0,5849,25
0,5850,26
0,5851,28
0,5852,30
0,5853,28
0,5854,32
0,5855,33
0,5856,32
0,5857,29
0,5858,25
0,5859,35
0,5860,37
0,5861,34
0,5862,30
0,5863,30
0,5864,34
0,5865,31
0,5866,29
0,5867,26
0,5868,26
0,5869,27
0,5870,28
0,5871,23
0,5872,23
0,5873,29
0,5874,31
0,5875,28
0,5876,28
0,5877,25
0,5878,19
0,5879,26
0,5880,23
0,5881,17
0,5882,22
0,5883,23
0,5884,19
0,5885,36
0,5886,34
0,5887,24
0,5888,24
0,5889,25
0,5890,30
0,5891,20
0,5892,32
0,5893,28
0,5894,32
0,5895,36
0,5896,34
0,5897,28
0,5898,28
0,5899,31
0,5900,40
0,5901,35
0,5902,31
0,5903,35
0,5904,36
0,5905,33
0,5906,30
0,5907,25
0,5908,25
0,5909,28
0,5910,31
0,5911,25
0,5912,23
0,5913,25
0,5914,24
0,5915,22
0,5916,21
0,5917,24
0,5918,22
0,5919,21
0,5920,22
0,5921,27
0,5922,23
0,5923,21
0,5924,25
0,5925,40
0,5926,38
0,5927,26
0,5928,18
0,5929,21
0,5930,28
0,5931,24
0,5932,31
0,5933,26
0,5934,29
0,5935,35
0,5936,30
0,5937,26
0,5938,30
0,5939,34
0,5940,37
0,5941,35
0,5942,32
0,5943,36
0,5944,35
0,5945,33
0,5946,27
0,5947,22
0,5948,26
0,5949,28
0,5950,31
0,5951,24
0,5952,23
0,5953,22
0,5954,26
0,5955,23
0,5956,18
0,5957,21
0,5958,21
0,5959,23
0,5960,22
0,5961,16
0,5962,21
0,5963,26
0,5964,25
0,5965,30
0,5966,28
0,5967,26
0,5968,30
0,5969,23
0,5970,25
0,5971,23
0,5972,32
0,5973,29
0,5974,32
0,5975,34
0,5976,36
0,5977,32
0,5978,32
0,5979,30
0,5980,30
0,5981,27
0,5982,31
0,5983,35
0,5984,34
0,5985,25
0,5986,23
0,5987,21
0,5988,27
0,5989,31
0,5990,28
0,5991,26
0,5992,25
0,5993,24
0,5994,25
0,5995,23
0,5996,20
0,5997,22
0,5998,18
0,5999,22
0,6000,21
0,6001,17
0,6002,17
0,6003,31
0,6004,36
0,6005,31
0,6006,35
0,6007,35
0,6008,29
0,6009,25
0,6010,36
0,6011,35
0,6012,35
0,6013,33
0,6014,31
0,6015,30
0,6016,32
0,6017,29
0,6018,30
0,6019,32
0,6020,38
0,6021,32
0,6022,37
0,6023,40
0,6024,33
0,6025,32
0,6026,27
0,6027,23
0,6028,24
0,6029,28
0,6030,28
0,6031,22
0,6032,24
0,6033,24
0,6034,26
0,6035,23
0,6036,21
0,6037,23
0,6038,24
0,6039,23
0,6040,22
0,6041,16
0,6042,8
0,6043,30
0,6044,31
0,6045,22
0,6046,24
0,6047,27
0,6048,33
0,6049,28
0,6050,30
0,6051,31
0,6052,35
0,6053,27
0,6054,30
0,6055,34
0,6056,33
0,6057,33
0,6058,31
0,6059,33
0,6060,36
0,6061,36
0,6062,35
0,6063,40
0,6064,36
0,6065,30
0,6066,30
0,6067,24
0,6068,28
0,6069,34
0,6070,31
0,6071,25
0,6072,25
0,6073,26
0,6074,26
0,6075,26
0,6076,24
0,6077,24
0,6078,23
0,6079,28
0,6080,24
0,6081,20
0,6082,19
0,6083,33
0,6084,31
0,6085,32
0,6086,34
0,6087,25
0,6088,27
0,6089,30
0,6090,31
0,6091,31
0,6092,29
0,6093,19
0,6094,34
0,6095,26
0,6096,29
0,6097,27
0,6098,30
0,6099,35
0,6100,36
0,6101,30
0,6102,36
0,6103,37
0,6104,37
0,6105,32
0,6106,25
0,6107,26
0,6108,28
0,6109,30
0,6110,34
0,6111,26
0,6112,27
0,6113,29
0,6114,28
0,6115,25
0,6116,24
0,6117,23
0,6118,24
0,6119,26
0,6120,25
0,6121,25
0,6122,24
0,6123,35
0,6124,33
0,6125,30
0,6126,26
0,6127,27
0,6128,28
0,6129,23
0,6130,32
0,6131,32
0,6132,36
0,6133,33
0,6134,35
0,6135,33
0,6136,31
0,6137,28
0,6138,27
0,6139,30
0,6140,32
0,6141,34
0,6142,36
0,6143,40
0,6144,38
0,6145,31
0,6146,29
0,6147,27
0,6148,32
0,6149,32
0,6150,30
0,6151,23
0,6152,25
0,6153,29
0,6154,28
0,6155,25
0,6156,25
0,6157,21
0,6158,19
0,6159,23
0,6160,23
0,6161,27
0,6162,27
0,6163,33
0,6164,33
0,6165,34
0,6166,27
0,6167,31
0,6168,23
0,6169,27
0,6170,35
0,6171,22
0,6172,31
0,6173,29
0,6174,28
0,6175,32
0,6176,35
0,6177,28
0,6178,25
0,6179,31
0,6180,35
0,6181,33
0,6182,27
0,6183,36
0,6184,37
0,6185,29
0,6186,29
0,6187,28
0,6188,27
0,6189,28
0,6190,27
0,6191,26
0,6192,27
0,6193,26
0,6194,28
0,6195,23
0,6196,24
0,6197,23
0,6198,21
0,6199,26
0,6200,24
0,6201,6
0,6202,9
0,6203,23
0,6204,35
0,6205,41
0,6206,35
0,6207,32
0,6208,32
0,6209,31
0,6210,36
0,6211,24
0,6212,32
0,6213,27
0,6214,31
0,6215,35
0,6216,33
0,6217,26
0,6218,25
0,6219,28
0,6220,31
0,6221,35
0,6222,34
0,6223,34
0,6224,37
0,6225,35
0,6226,28
0,6227,23
0,6228,26
0,6229,31
0,6230,27
0,6231,23
0,6232,28
0,6233,25
0,6234,29
0,6235,23
0,6236,25
0,6237,24
0,6238,23
0,6239,24
0,6240,23
0,6241,17
0,6242,19
0,6243,25
0,6244,29
0,6245,37
0,6246,33
0,6247,31
0,6248,23
0,6249,26
0,6250,31
0,6251,27
0,6252,31
0,6253,24
0,6254,32
0,6255,31
0,6256,30
0,6257,29
0,6258,24
0,6259,32
0,6260,34
0,6261,30
0,6262,26
0,6263,30
0,6264,34
0,6265,28
0,6266,31
0,6267,27
0,6268,28
0,6269,29
0,6270,28
0,6271,23
0,6272,25
0,6273,28
0,6274,30
0,6275,26
0,6276,21
0,6277,22
0,6278,20
0,6279,24
0,6280,23
0,6281,11
0,6282,7
0,6283,25
0,6284,32
0,6285,32
0,6286,33
0,6287,32
0,6288,29
0,6289,24
0,6290,32
0,6291,27
0,6292,29
0,6293,30
0,6294,19
0,6295,33
0,6296,26
0,6297,30
0,6298,32
0,6299,33
0,6300,28
0,6301,28
0,6302,30
0,6303,35
0,6304,34
0,6305,28
0,6306,29
0,6307,25
0,6308,27
0,6309,27
0,6310,28
0,6311,22
0,6312,22
0,6313,24
0,6314,28
0,6315,22
0,6316,22
0,6317,21
0,6318,22
0,6319,23
0,6320,23
0,6321,2
0,6322,15
0,6323,21
0,6324,28
0,6325,29
0,6326,26
0,6327,28
0,6328,29
0,6329,21
0,6330,25
0,6331,32
0,6332,34
0,6333,20
0,6334,26
0,6335,33
0,6336,29
0,6337,28
0,6338,33
0,6339,34
0,6340,34
0,6341,33
0,6342,31
0,6343,32
0,6344,31
0,6345,26
0,6346,26
0,6347,25
0,6348,26
0,6349,26
0,6350,26
0,6351,25
0,6352,26
0,6353,27
0,6354,26
0,6355,23
0,6356,21
0,6357,21
0,6358,21
0,6359,22
0,6360,25
0,6361,16
0,6362,18
0,6363,27
0,6364,29
0,6365,28
0,6366,23
0,6367,28
0,6368,30
0,6369,23
0,6370,30
0,6371,22
0,6372,24
0,6373,24
0,6374,27
0,6375,32
0,6376,27
0,6377,31
0,6378,28
0,6379,32
0,6380,24
0,6381,28
0,6382,29
0,6383,34
0,6384,35
0,6385,30
0,6386,26
0,6387,23
0,6388,26
0,6389,27
0,6390,23
0,6391,21
0,6392,27
0,6393,23
0,6394,28
0,6395,25
0,6396,25
0,6397,21
0,6398,22
0,6399,27
0,6400,25
0,6401,19
0,6402,13
0,6403,32
0,6404,36
0,6405,33
0,6406,24
0,6407,30
0,6408,27
0,6409,23
0,6410,30
0,6411,27
0,6412,32
0,6413,25
0,6414,28
0,6415,32
0,6416,26
0,6417,28
0,6418,29
0,6419,29
0,6420,25
0,6421,31
0,6422,31
0,6423,31
0,6424,30
0,6425,31
0,6426,27
0,6427,29
0,6428,24
0,6429,25
0,6430,29
0,6431,26
0,6432,27
0,6433,22
0,6434,26
0,6435,22
0,6436,24
0,6437,21
0,6438,23
0,6439,23
0,6440,26
0,6441,19
0,6442,17
0,6443,24
0,6444,28
0,6445,35
0,6446,34
0,6447,33
0,6448,33
0,6449,24
0,6450,31
0,6451,23
0,6452,28
0,6453,26
0,6454,26
0,6455,21
0,6456,22
0,6457,24
0,6458,27
0,6459,34
0,6460,34
0,6461,28
0,6462,30
0,6463,31
0,6464,34
0,6465,27
0,6466,27
0,6467,24
0,6468,23
0,6469,27
0,6470,27
0,6471,23
0,6472,25
0,6473,25
0,6474,28
0,6475,22
0,6476,24
0,6477,22
0,6478,21
0,6479,20
0,6480,23
0,6481,20
0,6482,21
0,6483,24
0,6484,29
0,6485,30
0,6486,33
0,6487,33
0,6488,19
0,6489,24
0,6490,29
0,6491,18
0,6492,11
0,6493,17
0,6494,32
0,6495,25
0,6496,28
0,6497,27
0,6498,32
0,6499,39
0,6500,33
0,6501,28
0,6502,33
0,6503,30
0,6504,30
0,6505,32
0,6506,28
0,6507,29
0,6508,25
0,6509,20
0,6510,26
0,6511,25
0,6512,25
0,6513,26
0,6514,27
0,6515,22
0,6516,23
0,6517,24
0,6518,22
0,6519,22
0,6520,20
0,6521,19
0,6522,9
0,6523,2
0,6524,31
0,6525,38
0,6526,29
0,6527,28
0,6528,31
0,6529,28
0,6530,25
0,6531,23
0,6532,24
0,6533,23
0,6534,29
0,6535,28
0,6536,30
0,6537,28
0,6538,25
0,6539,34
0,6540,32
0,6541,31
0,6542,28
0,6543,34
0,6544,31
0,6545,28
0,6546,24
0,6547,27
0,6548,25
0,6549,21
0,6550,26
0,6551,25
0,6552,23
0,6553,22
0,6554,26
0,6555,23
0,6556,22
0,6557,24
0,6558,21
0,6559,23
0,6560,23
0,6561,24
0,6562,22
0,6563,28
0,6564,29
0,6565,38
0,6566,31
0,6567,30
0,6568,26
0,6569,19
0,6570,28
0,6571,24
0,6572,17
0,6573,19
0,6574,32
0,6575,27
0,6576,26
0,6577,28
0,6578,31
0,6579,34
0,6580,33
0,6581,37
0,6582,31
0,6583,31
0,6584,30
0,6585,24
0,6586,27
0,6587,25
0,6588,22
0,6589,28
0,6590,27
0,6591,24
0,6592,25
0,6593,21
0,6594,27
0,6595,22
0,6596,22
0,6597,20
0,6598,18
0,6599,22
0,6600,24
0,6601,24
0,6602,24
0,6603,28
0,6604,28
0,6605,39
0,6606,31
0,6607,28
0,6608,19
0,6609,20
0,6610,21
0,6611,23
0,6612,27
0,6613,26
0,6614,30
0,6615,32
0,6616,26
0,6617,24
0,6618,24
0,6619,25
0,6620,27
0,6621,26
0,6622,26
0,6623,32
0,6624,32
0,6625,24
0,6626,23
0,6627,25
0,6628,25
0,6629,22
0,6630,23
0,6631,22
0,6632,27
0,6633,24
0,6634,23
0,6635,19
0,6636,23
0,6637,23
0,6638,22
0,6639,21
0,6640,19
0,6641,23
0,6642,22
0,6643,20
0,6644,29
0,6645,42
0,6646,34
0,6647,32
0,6648,25
0,6649,24
0,6650,20
0,6651,24
0,6652,28
0,6653,29
0,6654,34
0,6655,34
0,6656,26
0,6657,21
0,6658,28
0,6659,34
0,6660,32
0,6661,29
0,6662,21
0,6663,32
0,6664,34
0,6665,28
0,6666,25
0,6667,21
0,6668,24
0,6669,25
0,6670,27
0,6671,23
0,6672,21
0,6673,19
0,6674,26
0,6675,24
0,6676,19
0,6677,23
0,6678,22
0,6679,23
0,6680,24
0,6681,18
0,6682,18
0,6683,22
0,6684,28
0,6685,40
0,6686,29
0,6687,29
0,6688,31
0,6689,25
0,6690,27
0,6691,21
0,6692,31
0,6693,30
0,6694,29
0,6695,32
0,6696,28
0,6697,27
0,6698,28
0,6699,31
0,6700,30
0,6701,34
0,6702,31
0,6703,34
0,6704,33
0,6705,28
0,6706,25
0,6707,28
0,6708,26
0,6709,26
0,6710,23
0,6711,23
0,6712,24
0,6713,25
0,6714,25
0,6715,21
0,6716,22
0,6717,22
0,6718,22
0,6719,24
0,6720,22
0,6721,19
0,6722,17
0,6723,22
0,6724,27
0,6725,38
0,6726,33
0,6727,31
0,6728,30
0,6729,21
0,6730,16
0,6731,25
0,6732,32
0,6733,25
0,6734,28
0,6735,30
0,6736,31
0,6737,30
0,6738,28
0,6739,28
0,6740,29
0,6741,33
0,6742,30
0,6743,34
0,6744,29
0,6745,27
0,6746,22
0,6747,23
0,6748,27
0,6749,29
0,6750,26
0,6751,24
0,6752,22
0,6753,23
0,6754,26
0,6755,21
0,6756,22
0,6757,21
0,6758,23
0,6759,23
0,6760,21
0,6761,17
0,6762,13
0,6763,28
0,6764,34
0,6765,42
0,6766,34
0,6767,30
0,6768,29
0,6769,27
0,6770,29
0,6771,30
0,6772,34
0,6773,21
0,6774,30
0,6775,33
0,6776,30
0,6777,21
0,6778,25
0,6779,29
0,6780,33
0,6781,32
0,6782,28
0,6783,30
0,6784,30
0,6785,22
0,6786,24
0,6787,27
0,6788,27
0,6789,26
0,6790,28
0,6791,26
0,6792,22
0,6793,20
0,6794,26
0,6795,21
0,6796,22
0,6797,20
0,6798,21
0,6799,23
0,6800,22
0,6801,5
0,6802,16
0,6803,30
0,6804,33
0,6805,36
0,6806,38
0,6807,28
0,6808,32
0,6809,25
0,6810,20
0,6811,29
0,6812,32
0,6813,26
0,6814,31
0,6815,30
0,6816,27
0,6817,24
0,6818,28
0,6819,30
0,6820,33
0,6821,35
0,6822,32
0,6823,32
0,6824,34
0,6825,30
0,6826,26
0,6827,26
0,6828,26
0,6829,26
0,6830,30
0,6831,28
0,6832,27
0,6833,24
0,6834,26
0,6835,24
0,6836,24
0,6837,21
0,6838,22
0,6839,25
0,6840,20
0,6841,24
0,6842,23
0,6843,28
0,6844,33
0,6845,39
0,6846,38
0,6847,31
0,6848,33
0,6849,29
0,6850,26
0,6851,27
0,6852,30
0,6853,22
0,6854,30
0,6855,31
0,6856,30
0,6857,30
0,6858,30
0,6859,32
0,6860,30
0,6861,30
0,6862,33
0,6863,38
0,6864,35
0,6865,35
0,6866,27
0,6867,23
0,6868,25
0,6869,27
0,6870,30
0,6871,26
0,6872,26
0,6873,24
0,6874,23
0,6875,24
0,6876,22
0,6877,19
0,6878,23
0,6879,25
0,6880,23
0,6881,21
0,6882,16
0,6883,21
0,6884,29
0,6885,35
0,6886,32
0,6887,26
0,6888,22
0,6889,25
0,6890,31
0,6891,30
0,6892,28
0,6893,24
0,6894,23
0,6895,26
0,6896,29
0,6897,24
0,6898,31
0,6899,29
0,6900,24
0,6901,34
0,6902,33
0,6903,36
0,6904,34
0,6905,33
0,6906,27
0,6907,24
0,6908,27
0,6909,26
0,6910,25
0,6911,28
0,6912,26
0,6913,24
0,6914,25
0,6915,25
0,6916,21
0,6917,20
0,6918,22
0,6919,25
0,6920,25
0,6921,12
0,6922,15
0,6923,23
0,6924,31
0,6925,35
0,6926,36
0,6927,30
0,6928,30
0,6929,28
0,6930,33
0,6931,26
0,6932,27
0,6933,24
0,6934,31
0,6935,28
0,6936,26
0,6937,25
0,6938,28
0,6939,29
0,6940,33
0,6941,32
0,6942,34
0,6943,36
0,6944,37
0,6945,34
0,6946,24
0,6947,25
0,6948,24
0,6949,28
0,6950,31
0,6951,27
0,6952,22
0,6953,22
0,6954,25
0,6955,22
0,6956,20
0,6957,22
0,6958,23
0,6959,23
0,6960,21
0,6961,9
0,6962,12
0,6963,20
0,6964,25
0,6965,39
0,6966,37
0,6967,29
0,6968,30
0,6969,28
0,6970,27
0,6971,30
0,6972,29
0,6973,23
0,6974,19
0,6975,17
0,6976,30
0,6977,22
0,6978,27
0,6979,22
0,6980,30
0,6981,32
0,6982,37
0,6983,37
0,6984,39
0,6985,30
0,6986,27
0,6987,27
0,6988,25
0,6989,27
0,6990,28
0,6991,27
0,6992,28
0,6993,25
0,6994,24
0,6995,23
0,6996,23
0,6997,21
0,6998,21
0,6999,22
0,7000,24
0,7001,7
0,7002,11
0,7003,23
0,7004,24
0,7005,33
0,7006,34
0,7007,31
0,7008,28
0,7009,21
0,7010,28
0,7011,24
0,7012,26
0,7013,27
0,7014,23
0,7015,27
0,7016,31
0,7017,29
0,7018,28
0,7019,32
0,7020,32
0,7021,31
0,7022,32
0,7023,32
0,7024,37
0,7025,34
0,7026,26
0,7027,27
0,7028,27
0,7029,27
0,7030,26
0,7031,28
0,7032,24
0,7033,26
0,7034,22
0,7035,19
0,7036,22
0,7037,22
0,7038,24
0,7039,22
0,7040,19
0,7041,20
0,7042,10
0,7043,18
0,7044,29
0,7045,40
0,7046,34
0,7047,28
0,7048,29
0,7049,30
0,7050,30
0,7051,29
0,7052,23
0,7053,24
0,7054,26
0,7055,27
0,7056,29
0,7057,25
0,7058,28
0,7059,26
0,7060,29
0,7061,31
0,7062,34
0,7063,33
0,7064,38
0,7065,34
0,7066,26
0,7067,22
0,7068,22
0,7069,28
0,7070,28
0,7071,27
0,7072,27
0,7073,27
0,7074,23
0,7075,20
0,7076,19
0,7077,24
0,7078,26
0,7079,24
0,7080,23
0,7081,20
0,7082,16
0,7083,27
0,7084,29
0,7085,42
0,7086,35
0,7087,30
0,7088,25
0,7089,27
0,7090,30
0,7091,27
0,7092,28
0,7093,23
0,7094,31
0,7095,30
0,7096,30
0,7097,22
0,7098,24
0,7099,25
0,7100,27
0,7101,32
0,7102,38
0,7103,34
0,7104,35
0,7105,31
0,7106,24
0,7107,26
0,7108,25
0,7109,26
0,7110,28
0,7111,26
0,7112,27
0,7113,25
0,7114,24
0,7115,21
0,7116,23
0,7117,25
0,7118,25
0,7119,26
0,7120,21
0,7121,20
0,7122,18
0,7123,24
0,7124,22
0,7125,36
0,7126,34
0,7127,26
0,7128,21
0,7129,16
0,7130,26
0,7131,28
0,7132,23
0,7133,25
0,7134,27
0,7135,31
0,7136,33
0,7137,26
0,7138,26
0,7139,30
0,7140,22
0,7141,30
0,7142,38
0,7143,34
0,7144,35
0,7145,31
0,7146,23
0,7147,29
0,7148,28
0,7149,28
0,7150,29
0,7151,27
0,7152,26
0,7153,25
0,7154,29
0,7155,25
0,7156,22
0,7157,23
0,7158,23
0,7159,25
0,7160,27
0,7161,9
0,7162,18
0,7163,19
0,7164,29
0,7165,41
0,7166,27
0,7167,22
0,7168,20
0,7169,24
0,7170,25
0,7171,24
0,7172,23
0,7173,24
0,7174,31
0,7175,32
0,7176,28
0,7177,25
0,7178,28
0,7179,30
0,7180,31
0,7181,30
0,7182,38
0,7183,35
0,7184,38
0,7185,32
0,7186,25
0,7187,30
0,7188,30
0,7189,24
0,7190,28
0,7191,27
0,7192,25
0,7193,20
0,7194,24
0,7195,24
0,7196,22
0,7197,22
0,7198,22
0,7199,24
0,7200,24
0,7201,22
0,7202,19
0,7203,17
0,7204,22
0,7205,41
0,7206,32
0,7207,24
0,7208,28
0,7209,27
0,7210,15
0,7211,19
0,7212,22
0,7213,26
0,7214,32
0,7215,29
0,7216,24
0,7217,28
0,7218,30
0,7219,29
0,7220,28
0,7221,23
0,7222,40
0,7223,34
0,7224,40
0,7225,33
0,7226,25
0,7227,27
0,7228,23
0,7229,28
0,7230,29
0,7231,28
0,7232,28
0,7233,24
0,7234,27
0,7235,24
0,7236,25
0,7237,23
0,7238,25
0,7239,26
0,7240,27
0,7241,19
0,7242,15
0,7243,12
0,7244,26
0,7245,37
0,7246,32
0,7247,24
0,7248,29
0,7249,23
0,7250,23
0,7251,26
0,7252,30
0,7253,25
0,7254,30
0,7255,31
0,7256,22
0,7257,23
0,7258,24
0,7259,29
0,7260,25
0,7261,30
0,7262,38
0,7263,37
0,7264,37
0,7265,28
0,7266,29
0,7267,25
0,7268,22
0,7269,29
0,7270,30
0,7271,28
0,7272,27
0,7273,26
0,7274,27
0,7275,25
0,7276,24
0,7277,22
0,7278,20
0,7279,24
0,7280,24
0,7281,18
0,7282,9
0,7283,10
0,7284,23
0,7285,38
0,7286,32
0,7287,27
0,7288,23
0,7289,26
0,7290,34
0,7291,25
0,7292,29
0,7293,27
0,7294,27
0,7295,29
0,7296,27
0,7297,22
0,7298,28
0,7299,34
0,7300,28
0,7301,30
0,7302,41
0,7303,38
0,7304,35
0,7305,32
0,7306,24
0,7307,22
0,7308,24
0,7309,29
0,7310,29
0,7311,25
0,7312,28
0,7313,24
0,7314,21
0,7315,23
0,7316,23
0,7317,20
0,7318,23
0,7319,26
0,7320,26
0,7321,25
0,7322,21
0,7323,18
0,7324,26
0,7325,39
0,7326,33
0,7327,24
0,7328,20
0,7329,21
0,7330,35
0,7331,31
0,7332,33
0,7333,30
0,7334,31
0,7335,28
0,7336,31
0,7337,26
0,7338,25
0,7339,26
0,7340,29
0,7341,28
0,7342,40
0,7343,34
0,7344,34
0,7345,34
0,7346,26
0,7347,24
0,7348,26
0,7349,25
0,7350,24
0,7351,28
0,7352,26
0,7353,22
0,7354,23
0,7355,25
0,7356,23
0,7357,22
0,7358,23
0,7359,25
0,7360,20
0,7361,22
0,7362,21
0,7363,29
0,7364,33
0,7365,38
0,7366,33
0,7367,18
0,7368,26
0,7369,22
0,7370,30
0,7371,28
0,7372,36
0,7373,35
0,7374,29
0,7375,32
0,7376,30
0,7377,28
0,7378,31
0,7379,26
0,7380,27
0,7381,31
0,7382,40
0,7383,35
0,7384,33
0,7385,29
0,7386,23
0,7387,27
0,7388,28
0,7389,28
0,7390,29
0,7391,27
0,7392,23
0,7393,27
0,7394,28
0,7395,22
0,7396,20
0,7397,23
0,7398,23
0,7399,23
0,7400,22
0,7401,15
0,7402,15
0,7403,29
0,7404,34
0,7405,27
0,7406,37
0,7407,31
0,7408,26
0,7409,21
0,7410,23
0,7411,21
0,7412,31
0,7413,30
0,7414,33
0,7415,35
0,7416,27
0,7417,29
0,7418,29
0,7419,26
0,7420,32
0,7421,33
0,7422,38
0,7423,33
0,7424,36
0,7425,38
0,7426,26
0,7427,29
0,7428,24
0,7429,22
0,7430,28
0,7431,24
0,7432,21
0,7433,24
0,7434,27
0,7435,24
0,7436,21
0,7437,22
0,7438,20
0,7439,22
0,7440,21
0,7441,21
0,7442,16
0,7443,23
0,7444,39
0,7445,42
0,7446,29
0,7447,19
0,7448,19
0,7449,23
0,7450,29
0,7451,19
0,7452,31
0,7453,32
0,7454,35
0,7455,34
0,7456,26
0,7457,30
0,7458,30
0,7459,31
0,7460,33
0,7461,35
0,7462,40
0,7463,40
0,7464,33
0,7465,29
0,7466,27
0,7467,28
0,7468,25
0,7469,25
0,7470,30
0,7471,23
0,7472,22
0,7473,25
0,7474,26
0,7475,22
0,7476,24
0,7477,25
0,7478,25
0,7479,26
0,7480,24
0,7481,16
0,7482,17
0,7483,27
0,7484,36
0,7485,42
0,7486,29
0,7487,25
0,7488,16
0,7489,20
0,7490,31
0,7491,24
0,7492,31
0,7493,29
0,7494,28
0,7495,31
0,7496,22
0,7497,22
0,7498,26
0,7499,27
0,7500,27
0,7501,37
0,7502,41
0,7503,38
0,7504,34
0,7505,32
0,7506,23
0,7507,30
0,7508,25
0,7509,25
0,7510,31
0,7511,28
0,7512,28
0,7513,26
0,7514,26
0,7515,26
0,7516,24
0,7517,24
0,7518,24
0,7519,24
0,7520,22
0,7521,21
0,7522,25
0,7523,31
0,7524,38
0,7525,42
0,7526,31
0,7527,22
0,7528,23
0,7529,16
0,7530,28
0,7531,25
0,7532,31
0,7533,28
0,7534,31
0,7535,29
0,7536,29
0,7537,28
0,7538,26
0,7539,30
0,7540,33
0,7541,35
0,7542,39
0,7543,37
0,7544,35
0,7545,36
0,7546,26
0,7547,26
0,7548,26
0,7549,30
0,7550,30
0,7551,24
0,7552,22
0,7553,26
0,7554,26
0,7555,25
0,7556,22
0,7557,21
0,7558,25
0,7559,26
0,7560,22
0,7561,28
0,7562,21
0,7563,24
0,7564,35
0,7565,35
0,7566,36
0,7567,29
0,7568,22
0,7569,21
0,7570,22
0,7571,24
0,7572,27
0,7573,19
0,7574,33
0,7575,31
0,7576,23
0,7577,23
0,7578,22
0,7579,27
0,7580,28
0,7581,33
0,7582,41
0,7583,35
0,7584,34
0,7585,36
0,7586,25
0,7587,28
0,7588,24
0,7589,25
0,7590,27
0,7591,26
0,7592,22
0,7593,24
0,7594,25
0,7595,24
0,7596,20
0,7597,20
0,7598,24
0,7599,26
0,7600,23
0,7601,23
0,7602,17
0,7603,22
0,7604,33
0,7605,41
0,7606,36
0,7607,29
0,7608,26
0,7609,25
0,7610,30
0,7611,27
0,7612,29
0,7613,25
0,7614,31
0,7615,32
0,7616,27
0,7617,24
0,7618,22
0,7619,24
0,7620,25
0,7621,31
0,7622,38
0,7623,33
0,7624,31
0,7625,33
0,7626,27
0,7627,28
0,7628,28
0,7629,27
0,7630,28
0,7631,24
0,7632,25
0,7633,26
0,7634,24
0,7635,23
0,7636,21
0,7637,20
0,7638,21
0,7639,21
0,7640,24
0,7641,20
0,7642,9
0,7643,25
0,7644,35
0,7645,44
0,7646,35
0,7647,27
0,7648,29
0,7649,19
0,7650,26
0,7651,30
0,7652,31
0,7653,21
0,7654,31
0,7655,32
0,7656,26
0,7657,22
0,7658,25
0,7659,27
0,7660,28
0,7661,29
0,7662,38
0,7663,39
0,7664,35
0,7665,37
0,7666,25
0,7667,26
0,7668,29
0,7669,27
0,7670,28
0,7671,26
0,7672,26
0,7673,26
0,7674,27
0,7675,23
0,7676,22
0,7677,21
0,7678,21
0,7679,25
0,7680,23
0,7681,16
0,7682,10
0,7683,22
0,7684,32
0,7685,43
0,7686,32
0,7687,28
0,7688,27
0,7689,26
0,7690,27
0,7691,28
0,7692,28
0,7693,25
0,7694,31
0,7695,34
0,7696,26
0,7697,27
0,7698,27
0,7699,26
0,7700,25
0,7701,30
0,7702,38
0,7703,39
0,7704,35
0,7705,33
0,7706,27
0,7707,27
0,7708,24
0,7709,25
0,7710,29
0,7711,24
0,7712,22
0,7713,24
0,7714,21
0,7715,22
0,7716,24
0,7717,23
0,7718,24
0,7719,25
0,7720,21
0,7721,24
0,7722,22
0,7723,29
0,7724,35
0,7725,40
0,7726,31
0,7727,30
0,7728,28
0,7729,21
0,7730,21
0,7731,22
0,7732,21
0,7733,26
0,7734,33
0,7735,33
0,7736,29
0,7737,24
0,7738,26
0,7739,28
0,7740,25
0,7741,30
0,7742,38
0,7743,32
0,7744,34
0,7745,33
0,7746,24
0,7747,24
0,7748,26
0,7749,27
0,7750,29
0,7751,24
0,7752,24
0,7753,25
0,7754,21
0,7755,23
0,7756,24
0,7757,20
0,7758,22
0,7759,22
0,7760,22
0,7761,12
0,7762,21
0,7763,26
0,7764,30
0,7765,32
0,7766,28
0,7767,27
0,7768,30
0,7769,28
0,7770,24
0,7771,22
0,7772,22
0,7773,26
0,7774,33
0,7775,32
0,7776,26
0,7777,25
0,7778,24
0,7779,27
0,7780,28
0,7781,34
0,7782,36
0,7783,28
0,7784,35
0,7785,33
0,7786,25
0,7787,26
0,7788,25
0,7789,25
0,7790,27
0,7791,26
0,7792,23
0,7793,22
0,7794,24
0,7795,22
0,7796,22
0,7797,19
0,7798,20
0,7799,23
0,7800,21
0,7801,22
0,7802,21
0,7803,25
0,7804,28
0,7805,35
0,7806,34
0,7807,30
0,7808,25
0,7809,27
0,7810,29
0,7811,26
0,7812,26
0,7813,30
0,7814,26
0,7815,29
0,7816,25
0,7817,24
0,7818,28
0,7819,27
0,7820,26
0,7821,35
0,7822,41
0,7823,28
0,7824,34
0,7825,32
0,7826,27
0,7827,27
0,7828,27
0,7829,27
0,7830,28
0,7831,29
0,7832,26
0,7833,27
0,7834,25
0,7835,24
0,7836,21
0,7837,20
0,7838,19
0,7839,20
0,7840,22
0,7841,16
0,7842,19
0,7843,23
0,7844,31
0,7845,39
0,7846,33
0,7847,29
0,7848,28
0,7849,23
0,7850,29
0,7851,25
0,7852,29
0,7853,27
0,7854,29
0,7855,32
0,7856,21
0,7857,25
0,7858,22
0,7859,27
0,7860,24
0,7861,31
0,7862,39
0,7863,35
0,7864,35
0,7865,28
0,7866,28
0,7867,22
0,7868,21
0,7869,27
0,7870,26
0,7871,25
0,7872,26
0,7873,25
0,7874,25
0,7875,24
0,7876,24
0,7877,19
0,7878,21
0,7879,24
0,7880,24
0,7881,11
0,7882,10
0,7883,23
0,7884,31
0,7885,37
0,7886,27
0,7887,27
0,7888,31
0,7889,20
0,7890,22
0,7891,28
0,7892,29
0,7893,25
0,7894,29
0,7895,30
0,7896,22
0,7897,24
0,7898,22
0,7899,26
0,7900,27
0,7901,35
0,7902,37
0,7903,32
0,7904,32
0,7905,31
0,7906,31
0,7907,22
0,7908,24
0,7909,29
0,7910,24
0,7911,24
0,7912,27
0,7913,25
0,7914,25
0,7915,21
0,7916,19
0,7917,21
0,7918,22
0,7919,23
0,7920,22
0,7921,19
0,7922,22
0,7923,27
0,7924,32
0,7925,31
0,7926,32
0,7927,32
0,7928,32
0,7929,25
0,7930,26
0,7931,25
0,7932,25
0,7933,26
0,7934,30
0,7935,31
0,7936,23
0,7937,24
0,7938,23
0,7939,21
0,7940,26
0,7941,30
0,7942,36
0,7943,32
0,7944,36
0,7945,34
0,7946,31
0,7947,28
0,7948,20
0,7949,26
0,7950,25
0,7951,23
0,7952,23
0,7953,19
0,7954,21
0,7955,22
0,7956,17
0,7957,19
0,7958,22
0,7959,23
0,7960,21
0,7961,7
0,7962,11
0,7963,21
0,7964,32
0,7965,35
0,7966,26
0,7967,23
0,7968,32
0,7969,28
0,7970,27
0,7971,23
0,7972,21
0,7973,20
0,7974,31
0,7975,31
0,7976,18
0,7977,19
0,7978,21
0,7979,29
0,7980,29
0,7981,33
0,7982,38
0,7983,33
0,7984,32
0,7985,36
0,7986,31
0,7987,27
0,7988,24
0,7989,27
0,7990,26
0,7991,26
0,7992,21
0,7993,23
0,7994,21
0,7995,18
0,7996,19
0,7997,21
0,7998,21
0,7999,20
0,8000,22
